S.No,STATE,DISTRICT,Rainfall(mm),Total Geographical Area (ha),Rainfall Recharge,Ground Water Recharge (ham),Annual Ground water Recharge (ham),Environmental Flows (ham),Annual Extractable Ground water Resource (ham),Ground Water Extraction for all uses (ha.m),Stage of Ground Water Extraction (%),Allocation of Ground Water Resource for Domestic Utilisation for projected year 2025 (ham),Net Annual Ground Water Availability for Future Use (ham)),Total Ground Water Availability in Unconfined Aquifier (ham)-Fresh,Total Ground Water Availability in Unconfined Aquifier (ham)-Saline,Total Ground Water Availability in Unconfined Aquifier (ham)- Fresh,Total Ground Water Availability in Unconfined Aquifier (ham)- Saline,Total Ground Water Availability in the area (ham)-Fresh,Total Ground Water Availability in the area (ham)-Saline
1,ANDAMAN AND NICOBAR ISLANDS,N & M ANDAMAN,2913,344146,15655,15807,15807,1580,14226,272,1,269,13943,0,0,14226,0,14226,0
2,ANDAMAN AND NICOBAR ISLANDS,NICOBAR,2805,194166,11344,11360,11360,1136,10224,91,0,90,9819,56008,0,65919,313,65919,313
3,ANDAMAN AND NICOBAR ISLANDS,SOUTH ANDAMAN,3015,246845,10777,10797,10797,1079,9717,342,3,331,9362,1045,0,10762,0,10762,0
4,ANDHRA PRADESH,Alluri Sitharama Raju,1281,1225342,46817,158224,158224,7911,150312,2239,1,1810,148119,0,0,150312,0,150312,0
5,ANDHRA PRADESH,Anakapalli,1182,429245,36867,81952,81952,4097,77854,20967,26,5470,56646,1216281,0,1294136,0,1294136,0
6,ANDHRA PRADESH,Ananthapuramu,522,1044311,42310,121973,121973,6098,115874,40926,35,6064,74925,0,0,115874,0,115874,0
7,ANDHRA PRADESH,Annamayya,744,794528,47435,86570,86570,4328,82241,35463,43,5137,45491,0,0,82241,0,82241,0
8,ANDHRA PRADESH,Bapatla,917,382885,34500,102696,102696,5134,97561,18457,27,2805,48843,709895,244502,776660,275299,776660,275299
9,ANDHRA PRADESH,Chittoor,905,685899,56445,90425,90425,4521,85903,50903,59,5638,34698,3159229,0,3245132,0,3245132,0
10,ANDHRA PRADESH,East Godavari,1143,257634,27974,107290,107290,5364,101925,34167,33,2246,68798,0,0,101925,0,101925,0
11,ANDHRA PRADESH,Eluru,1003,659821,62095,201521,201521,10076,191445,47743,27,11572,126197,4225284,767254,4398956,785028,4398956,785028
12,ANDHRA PRADESH,Guntur,876,245303,21114,67075,67075,3353,63721,10652,20,2788,40942,414803,362966,466579,374910,466579,374910
13,ANDHRA PRADESH,Kakinada,1153,301979,26176,140133,140133,7007,133327,20121,15,1941,89999,0,0,107137,26189,107137,26189
14,ANDHRA PRADESH,Konaseema,1282,208095,29589,143723,143723,7186,136537,10671,9,1338,96004,0,0,106636,29900,106636,29900
15,ANDHRA PRADESH,Krishna,1050,388056,53225,228555,228555,11427,217127,47576,29,2692,110791,1047098,1229202,1205505,1287923,1205505,1287923
16,ANDHRA PRADESH,Kurnool,610,797741,38909,67454,67454,3372,64082,19597,30,5671,44662,0,0,64082,0,64082,0
17,ANDHRA PRADESH,NTR,1033,318124,22008,64259,64259,3213,61046,23895,39,2471,37302,0,0,61046,0,61046,0
18,ANDHRA PRADESH,Nandyal,716,968615,22717,82220,82220,4111,78109,12854,16,505,65255,0,0,78109,0,78109,0
19,ANDHRA PRADESH,Palnadu,765,730123,28011,102899,102899,5145,97754,29621,30,4393,68904,1472760,112950,1569163,114302,1569163,114302
20,ANDHRA PRADESH,Parvathipuram Manyam,1168,414876,33350,91444,91444,4572,86871,21795,25,2330,66218,0,0,86871,0,86871,0
21,ANDHRA PRADESH,Prakasam,790,1432121,67576,101617,101617,5081,96536,47512,50,4958,55899,5414536,203899,5507955,207016,5507955,207016
22,ANDHRA PRADESH,Sri Potti Sriramulu Nellore,1040,1045684,88856,196976,196976,9849,187127,43888,23,7173,144094,1735077,0,1922203,1,1922203,1
23,ANDHRA PRADESH,Sri Sathya Sai,589,868689,43673,119894,119894,5994,113899,69091,60,11143,53422,1867984,0,1981884,0,1981884,0
24,ANDHRA PRADESH,Srikakulam,1170,459287,37980,133042,133042,6652,126390,44359,35,11559,86698,0,0,125582,807,125582,807
25,ANDHRA PRADESH,Tirupati,1139,822940,81568,170733,170733,8536,162196,53602,34,9084,100140,3637364,4474,3790823,13211,3790823,13211
26,ANDHRA PRADESH,Visakhapatnam,1278,100167,8280,12621,12621,631,11990,5382,44,3184,6078,739587,0,751578,0,751578,0
27,ANDHRA PRADESH,Vizianagaram,1109,412919,27535,142793,142793,7139,135653,35808,26,1808,101992,1998746,0,2134352,47,2134352,47
28,ANDHRA PRADESH,West Godavari,1215,227837,39429,147646,147646,7382,140264,5047,8,1130,48039,0,87277,53132,174409,53132,174409
29,ANDHRA PRADESH,Y.S.R Kadapa,685,1122617,57654,107245,107245,5362,101882,41442,40,9295,62494,7526010,0,7627893,0,7627893,0
30,ARUNACHAL PRADESH,ANJAW,0,619000,0,0,0,0,0,0,0,0,0,0,0,0,0,0,0
31,ARUNACHAL PRADESH,CHANGLANG,2599,466200,24248,34613,34613,3461,31152,244,0,188,30898,0,0,31152,0,31152,0
32,ARUNACHAL PRADESH,DIBANG VALLEY,0,912900,0,0,0,0,0,0,0,0,0,0,0,0,0,0,0
33,ARUNACHAL PRADESH,EAST KAMENG,2136,413400,11748,18164,18164,1816,16348,108,0,16,16237,0,0,16348,0,16348,0
34,ARUNACHAL PRADESH,EAST SIANG,4418,360300,77747,87717,86538,7969,78569,178,0,65,78389,0,0,78569,0,78569,0
35,ARUNACHAL PRADESH,KURUNG KUMEY,0,604000,0,0,0,0,0,0,0,0,0,0,0,0,0,0,0
36,ARUNACHAL PRADESH,LOHIT,3003,521200,105754,123167,122887,12316,110570,270,0,237,110290,0,0,110570,0,110570,0
37,ARUNACHAL PRADESH,LOWER DIBANG VALLEY,3507,390000,76744,79210,79210,7921,71289,247,0,31,71041,0,0,71289,0,71289,0
38,ARUNACHAL PRADESH,LOWER SUBANSIRI,2136,350799,3705,6304,6138,630,5508,39,0,26,5464,0,0,5508,0,5508,0
39,ARUNACHAL PRADESH,PAPUM PARE,3336,346200,10728,14017,11501,1401,10099,145,1,123,9935,0,0,10099,0,10099,0
40,ARUNACHAL PRADESH,TAWANG,0,217200,0,0,0,0,0,0,0,0,0,0,0,0,0,0,0
41,ARUNACHAL PRADESH,TIRAP,3459,236200,7863,10136,10136,1013,9122,55,0,50,9066,0,0,9122,0,9122,0
42,ARUNACHAL PRADESH,UPPER SIANG,0,658999,0,0,0,0,0,0,0,0,0,0,0,0,0,0,0
43,ARUNACHAL PRADESH,UPPER SUBANSIRI,1746,703200,215,2751,2751,275,2476,21,0,4,2454,0,0,2476,0,2476,0
44,ARUNACHAL PRADESH,WEST KAMENG,2521,742200,2740,3496,3496,349,3146,13,0,11,3133,0,0,3146,0,3146,0
45,ARUNACHAL PRADESH,WEST SIANG,2912,832500,5362,8124,8124,812,7312,7,0,2,7304,0,0,7312,0,7312,0
46,ASSAM,BAKSA,3274,246256,135894,146352,143930,14635,129294,4553,3,2042,124693,1943256,0,2072551,0,2072551,0
47,ASSAM,BARPETA,2051,228200,81977,90731,86285,9073,77212,28378,36,4218,48605,817402,0,894614,0,894614,0
48,ASSAM,BONGAIGAON,3102,109300,50271,55740,51516,5574,45942,11836,25,1766,34015,576030,0,621972,0,621972,0
49,ASSAM,CACHAR,3311,378600,87523,92671,53358,9267,44091,1445,3,1487,42571,399217,0,443309,0,443309,0
50,ASSAM,CHIRANG,3218,192300,108649,109201,107429,10920,96509,2469,2,970,94016,1530049,0,1626559,0,1626559,0
51,ASSAM,DARRANG,1951,158500,55331,57883,57651,5405,52246,17692,33,2240,34426,1310522,0,1362768,0,1362768,0
52,ASSAM,DHEMAJI,2859,323700,143046,143416,111197,14341,96856,4606,4,1588,92171,3661792,0,3758648,0,3758648,0
53,ASSAM,DHUBRI,2752,217600,100423,109873,109135,10675,98460,28293,28,4986,69844,724058,0,822519,0,822519,0
54,ASSAM,DIBRUGARH,2649,338100,146601,149856,138445,14985,123459,8407,6,2761,114980,3959350,0,4082810,0,4082810,0
55,ASSAM,DIMA HASAO,2791,488800,62795,62959,62959,6295,56663,573,1,243,56082,351450,0,408113,0,408113,0
56,ASSAM,GOALPARA,2583,182400,76542,80904,66534,8090,58443,12472,21,2604,45819,1006473,0,1064917,0,1064917,0
57,ASSAM,GOLAGHAT,1751,350200,107331,109609,107956,10960,96995,5945,6,2052,90992,1044420,0,1141415,0,1141415,0
58,ASSAM,HAILAKANDI,2838,132700,28604,30423,23918,3042,20875,541,2,566,20303,153686,0,174562,0,174562,0
59,ASSAM,JORHAT,2265,285100,112913,129644,70478,12964,57513,7138,12,1416,50347,1985814,0,2043328,0,2043328,0
60,ASSAM,KAMRUP,1896,310500,85070,88478,75859,7912,67947,24062,35,3696,43733,1534922,0,1602869,0,1602869,0
61,ASSAM,KAMRUP (M),1813,95457,20383,29787,25816,2448,23368,5308,22,3639,18036,689190,0,712558,0,712558,0
62,ASSAM,KARBI ANGLONG,1122,1043400,132896,133495,120577,13349,107228,3038,2,2032,104104,2272059,0,2379287,0,2379287,0
63,ASSAM,KARIMGANJ,3751,180900,59811,61189,38239,6118,32120,1415,4,1404,30626,245716,0,277836,0,277836,0
64,ASSAM,KOKRAJHAR,3102,329600,178565,182091,176077,18209,157868,8058,5,1750,149789,1569744,0,1727612,0,1727612,0
65,ASSAM,LAKHIMPUR,3270,227700,117077,118071,82633,11082,71550,6925,9,2537,64521,481022,0,552573,0,552573,0
66,ASSAM,MORIGAON,1884,155100,44332,49041,42357,4743,37613,13157,34,2470,24305,1199579,0,1237192,0,1237192,0
67,ASSAM,NAGAON,1884,397300,121045,139839,114116,13983,100132,29040,29,1912,70984,1291438,0,1391571,0,1391571,0
68,ASSAM,NALBARI,1896,104644,32705,32904,32904,3290,29614,7914,26,409,21689,608148,0,637762,0,637762,0
69,ASSAM,SIBSAGAR,2412,266800,110712,111502,104716,10280,94436,4553,4,1795,89847,1230192,0,1324628,0,1324628,0
70,ASSAM,SONITPUR,1978,520400,173842,176796,151788,16894,134894,13057,9,4160,121687,5962423,0,6097317,0,6097317,0
71,ASSAM,TINSUKIA,2322,379000,151965,156317,144128,15631,128496,6469,5,2146,121950,1979761,0,2108258,0,2108258,0
72,ASSAM,UDALGURI,1957,201200,71487,72345,56527,7234,49292,6160,12,1560,43099,1501442,0,1550735,0,1550735,0
73,BIHAR,ARARIA,1632,278937,84067,160169,160169,14866,145303,31953,21,11422,113065,0,0,145303,0,145303,0
74,BIHAR,ARWAL,874,63683,10594,21151,21151,2031,19119,9212,48,2663,9786,0,0,19119,0,19119,0
75,BIHAR,AURANGABAD,974,330284,50233,132525,132525,12799,119726,35873,29,9974,83149,0,0,119726,0,119726,0
76,BIHAR,BANKA,974,301954,44750,70229,70229,6596,63632,24414,38,7718,38662,0,0,63632,0,63632,0
77,BIHAR,BEGUSARAI,1090,189131,46969,56306,56306,5630,50675,34226,67,10568,15692,0,0,50675,0,50675,0
78,BIHAR,BHAGALPUR,1207,260255,64624,78744,78744,7428,71315,28322,39,7665,42472,0,0,71315,0,71315,0
79,BIHAR,BHOJPUR,1051,227530,49102,87745,87745,8774,78971,40295,51,9323,38165,0,0,78971,0,78971,0
80,BIHAR,BUXAR,975,171006,31249,61806,61806,5667,56138,25511,45,5630,30318,0,0,56138,0,56138,0
81,BIHAR,DARBHANGA,1123,250429,60263,77273,77273,7292,69980,39943,57,13620,29390,0,0,69980,0,69980,0
82,BIHAR,EAST CHAMPARAN,1197,395887,95829,193125,193125,17367,175758,76127,43,20740,98051,0,0,175758,0,175758,0
83,BIHAR,GAYA,1003,498586,94962,132385,132385,12905,119480,65416,54,16469,53418,0,0,119480,0,119480,0
84,BIHAR,GOPALGANJ,1135,201913,47708,106411,106411,10518,95892,54002,56,8946,41518,0,0,95892,0,95892,0
85,BIHAR,JAMUI,1107,309826,35816,49758,49758,4271,45487,18243,40,6835,28428,0,0,45487,0,45487,0
86,BIHAR,JEHANABAD,936,93257,18019,32850,32850,3145,29704,23980,80,3801,6557,0,0,29704,0,29704,0
87,BIHAR,KAIMUR,1126,336206,50603,82989,82989,8094,74894,32587,43,6159,41879,0,0,74894,0,74894,0
88,BIHAR,KATIHAR,1342,300991,89837,123369,123369,12134,111235,47255,42,11248,63298,0,0,111235,0,111235,0
89,BIHAR,KHAGARIA,1233,148572,41543,48992,48992,4538,44454,28316,63,6491,15581,0,0,44454,0,44454,0
90,BIHAR,KISHANGANJ,2090,191143,58813,64446,64446,5205,59241,20401,34,6552,38271,0,0,59241,0,59241,0
91,BIHAR,LAKHISARAI,1146,122774,22752,41506,41506,4003,37503,10800,28,3673,26462,0,0,37503,0,37503,0
92,BIHAR,MADHEPURA,1392,178840,42536,108838,108838,10447,98390,38715,39,8137,58946,0,0,98390,0,98390,0
93,BIHAR,MADHUBANI,1293,348645,85174,142172,142172,11607,130565,60390,46,16806,69510,0,0,130565,0,130565,0
94,BIHAR,MUNGER,1146,139550,27657,41606,41606,4026,37580,13495,35,4697,23849,0,0,37580,0,37580,0
95,BIHAR,MUZAFFARPUR,1154,304277,78643,124251,124251,12251,111999,74285,66,18201,37956,0,0,111999,0,111999,0
96,BIHAR,NALANDA,1002,234996,47274,64006,64006,6003,58002,45568,78,9818,12632,0,0,58002,0,58002,0
97,BIHAR,NAWADA,1041,248657,48413,69330,69330,6761,62569,31232,49,6351,31110,0,0,62569,0,62569,0
98,BIHAR,PATNA,1074,320084,77604,108385,108385,10248,98219,60449,61,17864,37595,0,0,98219,0,98219,0
99,BIHAR,PURNEA,1598,320239,83706,166768,166768,15282,151485,53555,35,12029,96983,0,0,151485,0,151485,0
100,BIHAR,ROHTAS,949,383926,69936,118338,118338,11833,106504,33775,31,9997,72212,0,0,106504,0,106504,0
101,BIHAR,SAHARSA,1692,166128,46557,69420,69420,5767,63652,23842,37,6708,39339,0,0,63652,0,63652,0
102,BIHAR,SAMASTIPUR,1192,261287,70881,89001,89001,8567,80434,55184,68,15596,24310,0,0,80434,0,80434,0
103,BIHAR,SARAN,1123,262957,58127,111158,111158,10892,100266,42217,42,13666,57300,0,0,100266,0,100266,0
104,BIHAR,SHEIKHPURA,1008,68809,13219,18006,18006,1675,16331,9517,58,2192,6697,0,0,16331,0,16331,0
105,BIHAR,SHEOHAR,1293,44299,12738,18419,18419,1708,16711,9663,57,2524,6860,0,0,16711,0,16711,0
106,BIHAR,SITAMARHI,1293,218520,58583,67223,67223,5425,61797,29208,47,12870,31610,0,0,61797,0,61797,0
107,BIHAR,SIWAN,1135,222307,51144,108238,108238,10492,97746,55108,56,11593,41960,0,0,97746,0,97746,0
108,BIHAR,SUPAUL,1273,241026,49854,107056,107056,9577,97479,31908,32,8478,64893,0,0,97479,0,97479,0
109,BIHAR,VAISHALI,1176,199518,52287,80637,80637,7553,73084,47347,64,13253,26793,0,0,73084,0,73084,0
110,BIHAR,WEST CHAMPARAN,1472,434438,95390,180218,180218,16104,164113,47217,28,15671,115608,0,0,164113,0,164113,0
111,CHANDIGARH,CHANDIGARH,1078,11400,1471,5513,5513,551,4962,3281,66,2513,1680,0,0,4962,0,4962,0
112,CHHATTISGARH,BALOD,1122,280874,16827,39704,39704,3839,35865,26531,73,2356,9598,48469,0,84335,0,84335,0
113,CHHATTISGARH,BALODA BAZAR,1396,406748,26072,68640,68640,6760,61880,26621,43,5644,34581,76057,0,137938,0,137938,0
114,CHHATTISGARH,BALRAMPUR,1317,713920,46395,51171,51171,3998,47173,12157,25,2200,34890,102632,0,149805,0,149805,0
115,CHHATTISGARH,BASTAR,1368,612998,23799,27119,27119,2487,24632,8433,34,2400,16098,72392,0,97025,0,97025,0
116,CHHATTISGARH,BEMETARA,1122,285481,18175,47347,47347,4734,42612,39546,92,2889,4366,52301,0,94913,0,94913,0
117,CHHATTISGARH,BIJAPUR,1528,661248,50074,52213,52213,5221,46992,4926,10,711,42034,87545,0,134537,0,134537,0
118,CHHATTISGARH,BILASPUR,1114,350848,22416,51191,51191,4722,46469,27932,60,6529,19980,58168,0,104638,0,104638,0
119,CHHATTISGARH,DANTEWADA,1327,341050,25625,27660,27660,2766,24894,4589,18,820,20263,58581,0,83476,0,83476,0
120,CHHATTISGARH,DHAMTARI,1385,408193,20986,68188,68188,6529,61658,45067,73,2180,16526,46576,0,108235,0,108235,0
121,CHHATTISGARH,DURG,1122,231999,14510,43104,43104,4034,39069,29385,75,5135,10672,43279,0,82349,0,82349,0
122,CHHATTISGARH,GARIABAND,1385,582266,22766,37293,37293,3524,33768,21412,63,1877,12208,48711,0,82480,0,82480,0
123,CHHATTISGARH,GOURELA-PENDRA-MARWAHI,1229,230739,11842,14360,14360,1258,13101,5166,39,1324,7759,30376,0,43478,0,43478,0
124,CHHATTISGARH,JANJGIR-CHAMPA,1386,237558,12503,48642,48642,4522,44119,11238,25,3060,32683,40208,0,84327,0,84327,0
125,CHHATTISGARH,JASHPUR,1480,645741,28326,34847,34847,2721,32125,15513,48,2320,16536,83608,0,115734,0,115734,0
126,CHHATTISGARH,KABIRDHAM,1117,444705,34099,73029,73029,7302,65726,38802,59,2837,27631,76869,0,142595,0,142595,0
127,CHHATTISGARH,KANKER,1397,643448,57654,71203,71203,5376,65827,24821,37,2150,40912,117057,0,182884,0,182884,0
128,CHHATTISGARH,KHAIRAGARH-CHHUIKHADAN_GANDAI,1208,156559,9109,19591,19591,1753,17837,11208,62,1161,6553,27347,0,45185,0,45185,0
129,CHHATTISGARH,KONDAGAON,1362,386027,32569,37523,37523,2500,35023,15115,43,1658,20053,68763,0,103787,0,103787,0
130,CHHATTISGARH,KORBA,1392,714544,38352,48556,48556,2837,45718,16345,35,3879,29139,79528,0,125247,0,125247,0
131,CHHATTISGARH,KOREA,1317,91692,9596,14789,14789,991,13798,6795,49,683,6981,13458,0,27257,0,27257,0
132,CHHATTISGARH,MAHASAMUND,1406,496300,47336,102637,102637,8813,93824,56616,60,3077,37047,83531,0,177356,0,177356,0
133,CHHATTISGARH,MANENDRAGARH-CHIRMIRI_BHARATPUR,1317,506078,47517,51118,51118,4396,46722,9560,20,1136,37127,60568,0,107291,0,107291,0
134,CHHATTISGARH,MOHLA-MANPUR_AMBAGARHCHOWKI,1208,238998,12501,16891,16891,1689,15202,5881,38,767,9295,29710,0,44912,0,44912,0
135,CHHATTISGARH,MUNGELI,1351,275036,9680,26898,26898,2343,24554,11265,45,2236,12971,30331,0,54885,0,54885,0
136,CHHATTISGARH,NARAYANPUR,1404,691316,25873,26885,26885,2378,24506,1797,7,412,22689,67847,0,92354,0,92354,0
137,CHHATTISGARH,RAIGARH,1466,520389,35800,42018,42018,3707,38311,16500,43,3302,21652,71035,0,109346,0,109346,0
138,CHHATTISGARH,RAIPUR,1376,289198,19758,50943,50943,4923,46019,27226,59,8179,19060,54171,0,100191,0,100191,0
139,CHHATTISGARH,RAJNANDGAON,1208,272460,20392,38639,38639,3436,35202,24445,69,4080,9898,47898,0,83101,0,83101,0
140,CHHATTISGARH,SAKTI,1386,185388,9250,32998,32998,3151,29846,14234,47,2086,15465,28836,0,58683,0,58683,0
141,CHHATTISGARH,SARANGARH-BILAIRAGH,1418,255938,14536,24740,24740,1944,22795,8875,38,2028,13741,42469,0,65265,0,65265,0
142,CHHATTISGARH,SUKMA,1403,563579,44267,46159,46159,4615,41543,2568,6,636,38959,103749,0,145292,0,145292,0
143,CHHATTISGARH,SURAJPUR,1241,278720,28785,39830,39830,2811,37019,22676,61,2298,14232,48422,0,85442,0,85442,0
144,CHHATTISGARH,SURGUJA,1369,519115,35053,42413,42413,3526,38887,18492,47,2436,20303,78078,0,116965,0,116965,0
145,DADRA AND NAGAR HAVELI,DADRA NAGAR HAVELI,2265,49100,6205,8815,8815,582,8233,10747,130,1798,794,0,0,8233,0,8233,0
146,DAMAN AND DIU,DAMAN,2194,7200,2824,2937,2937,146,2790,4430,158,1412,0,0,0,2790,0,2790,0
147,DAMAN AND DIU,DIU,848,4000,545,582,582,29,553,1282,231,175,0,0,0,553,0,553,0
148,DELHI,CENTRAL,494,7930,358,2463,2463,246,2216,1795,81,2130,450,0,0,2216,0,2216,0
149,DELHI,EAST,600,3159,140,1659,1659,165,1493,1468,98,1506,36,0,0,1493,0,1493,0
150,DELHI,NAZUL LAND,600,2579,373,554,554,55,498,319,63,86,179,0,0,498,0,498,0
151,DELHI,NEW DELHI,671,15809,1114,3022,3022,302,2720,3673,135,2984,0,0,0,2720,0,2720,0
152,DELHI,NORTH,600,29114,2029,4451,4451,445,4006,4586,114,4075,29,0,0,4006,0,4006,0
153,DELHI,NORTH EAST,494,3567,148,1775,1775,177,1598,1727,108,1573,102,0,0,1598,0,1598,0
154,DELHI,NORTH WEST,600,15436,1240,3814,3814,381,3432,2369,69,2412,1063,0,0,3432,0,3432,0
155,DELHI,SHAHDARA,494,3458,114,1614,1614,161,1452,1697,116,1388,3,0,0,1452,0,1452,0
156,DELHI,SOUTH,698,15785,1171,4512,4512,451,4061,4568,112,3858,6,0,0,4061,0,4061,0
157,DELHI,SOUTH EAST,698,10352,678,2691,2691,269,2422,2377,98,2144,44,0,0,2422,0,2422,0
158,DELHI,SOUTH WEST,641,30516,2986,7443,7443,744,6699,6339,94,2857,328,0,0,6699,0,6699,0
159,DELHI,WEST,634,11054,1404,3986,3986,398,3587,3530,98,2797,169,0,0,3587,0,3587,0
160,GOA,GOA NORTH,3354,146310,14674,16576,16576,3315,13261,3582,27,1864,9615,0,0,13261,0,13261,0
161,GOA,SOUTH GOA,3355,223887,19991,21919,21919,4383,17535,3473,19,2247,13985,0,0,17535,0,17535,0
162,GUJARAT,AHMEDABAD,700,707726,99527,567334,567334,55646,511688,72075,73,1101,13353,0,0,42252,469436,42252,469436
163,GUJARAT,AMRELI,735,747846,133525,151933,151933,7596,144336,80255,55,1230,63661,0,0,142638,1698,142638,1698
164,GUJARAT,ANAND,859,304119,47487,134964,134964,10362,124602,34734,27,3689,78742,0,0,108872,15729,108872,15729
165,GUJARAT,ARVALLI,900,316889,81761,92614,92614,4630,87983,37540,42,2144,50359,0,0,87983,0,87983,0
166,GUJARAT,BANASKANTHA,686,1079944,146162,191581,191581,19158,172422,184010,119,4557,11934,0,0,118160,54262,118160,54262
167,GUJARAT,BHARUCH,805,550688,66747,96840,96840,7813,89027,21571,26,1891,46786,0,0,63848,25178,63848,25178
168,GUJARAT,BHAVNAGAR,690,728147,105511,128234,128234,6430,121803,51864,42,3322,61826,0,0,108135,13667,108135,13667
169,GUJARAT,BOTAD,713,248479,43086,50469,50469,2525,47944,27564,57,943,17769,0,0,41548,6395,41548,6395
170,GUJARAT,CHHOTA UDEPUR,1118,343791,42927,62996,62996,6299,56696,24539,43,2312,32083,0,0,56696,0,56696,0
171,GUJARAT,DAHOD,724,364129,19357,37231,37231,3385,33845,12852,37,2524,20778,0,0,33845,0,33845,0
172,GUJARAT,DANG,2388,180436,35324,37748,37748,3774,33973,4549,13,522,29395,0,0,33973,0,33973,0
173,GUJARAT,DEVBHUMI DWARKA,919,432881,41132,49121,49121,2456,46665,31369,68,1630,13213,0,0,41797,4867,41797,4867
174,GUJARAT,GANDHINAGAR,794,215520,45828,66737,66737,5674,61062,61050,102,1807,6419,0,0,59459,1603,59459,1603
175,GUJARAT,GIR SOMNATH,1107,328588,71838,81644,81644,6440,75203,35158,47,3081,37017,0,0,70826,4376,70826,4376
176,GUJARAT,JAMNAGAR,808,642447,127663,149035,149035,7461,141574,58825,40,2500,81517,0,0,136228,5346,136228,5346
177,GUJARAT,JUNAGADH,1181,555266,155168,171089,171089,8559,162529,75054,45,3412,82706,0,0,152503,10026,152503,10026
178,GUJARAT,KACHCHH,560,2049135,163533,212394,212394,19774,192620,113050,54,1193,42668,0,0,91049,101570,91049,101570
179,GUJARAT,KHEDA,859,343764,55427,98334,98334,8871,89462,37688,38,2972,48638,0,0,79371,10091,79371,10091
180,GUJARAT,MAHESANA,760,443175,75432,286798,286798,28679,258118,107009,109,1484,4875,0,0,73897,184221,73897,184221
181,GUJARAT,MAHISAGAR,751,249997,17689,34004,34004,3400,30604,15024,49,941,15543,0,0,30604,0,30604,0
182,GUJARAT,MORBI,626,499269,53188,85623,85623,5464,80158,39956,50,1538,32422,0,0,66233,13924,66233,13924
183,GUJARAT,NARMADA,1122,280232,28186,41679,41679,2986,38693,24432,63,564,14242,0,0,38693,0,38693,0
184,GUJARAT,NAVSARI,1894,222610,59194,80459,80459,5402,75056,22135,29,2739,52776,0,0,74959,97,74959,97
185,GUJARAT,PANCHMAHAL,912,329041,20567,57739,57739,3862,53877,12882,23,1610,40926,0,0,53877,0,53877,0
186,GUJARAT,PATAN,627,568650,79190,111837,111837,9108,102728,67397,112,956,465,0,0,36035,66693,36035,66693
187,GUJARAT,PORBANDAR,843,230540,32466,37978,37978,2724,35253,20521,56,533,9158,0,0,21206,14047,21206,14047
188,GUJARAT,RAJKOT,809,776258,135167,172425,172425,8621,163804,109186,65,2687,56117,0,0,163804,0,163804,0
189,GUJARAT,RANA AND KUTCH,0,0,0,0,0,0,0,0,0,0,0,0,0,0,0,0,0
190,GUJARAT,SABARKANTHA,919,424920,57339,84619,84619,8462,76157,54868,72,2345,22813,0,0,76157,0,76157,0
191,GUJARAT,SURAT,1551,421582,107341,156983,156983,13052,143930,59290,42,22068,80223,0,0,134468,9461,134468,9461
192,GUJARAT,SURENDRANAGAR,606,927607,105844,236975,236975,19004,217971,60969,49,1324,38674,0,0,76058,141912,76058,141912
193,GUJARAT,TAPI,1484,318572,56384,78513,78513,7698,70815,23128,32,864,47327,0,0,70815,0,70815,0
194,GUJARAT,VADODARA,897,406398,64529,130075,130075,8748,121327,68646,66,6819,35103,0,0,102632,18694,102632,18694
195,GUJARAT,VALSAD,2487,300896,56360,76912,76912,7691,69221,20470,29,4608,48502,0,0,69211,10,69211,10
196,HARYANA,AMBALA,1065,151204,28502,43762,43762,4376,39386,50167,127,6915,1314,0,0,39386,0,39386,0
197,HARYANA,BHIWANI,346,329727,18254,44213,44213,4421,39792,54909,104,797,9102,0,0,39792,0,39792,0
198,HARYANA,CHARKHI DADRI,648,137349,15326,24809,24809,2480,22328,26183,108,1265,7958,0,0,22328,0,22328,0
199,HARYANA,FARIDABAD,601,74278,6807,14355,14355,1261,13094,24680,180,4455,260,0,0,13094,0,13094,0
200,HARYANA,FATEHABAD,291,252512,14633,64784,64784,6478,58305,103197,176,1713,514,0,0,58305,0,58305,0
201,HARYANA,GURGAON,559,126034,13012,22487,22487,2154,20333,43262,212,5164,0,0,0,20333,0,20333,0
202,HARYANA,HISAR,365,407527,25601,61857,61857,4963,56893,51753,88,366,14471,0,0,56893,0,56893,0
203,HARYANA,JHAJJAR,424,193464,16467,48059,48059,3630,44429,24998,51,408,21766,0,0,44429,0,44429,0
204,HARYANA,JIND,529,275091,26892,86136,86136,7866,78270,95982,113,2722,6595,0,0,78270,0,78270,0
205,HARYANA,KAITHAL,483,227414,19354,47002,47002,4700,42302,80475,190,3073,0,0,0,42302,0,42302,0
206,HARYANA,KARNAL,654,247051,32918,117608,117608,11760,105847,184020,173,8100,0,0,0,105847,0,105847,0
207,HARYANA,KURUKSHETRA,624,168420,18880,40990,40990,3901,37088,84718,228,4125,0,0,0,37088,0,37088,0
208,HARYANA,MAHENDRAGARH,332,194082,10568,22400,22400,2240,20160,29333,145,3221,249,0,0,20160,0,20160,0
209,HARYANA,MEWAT,434,150232,9155,18383,18383,1838,16544,16283,75,2062,4649,0,0,16544,0,16544,0
210,HARYANA,PALWAL,441,135955,10903,43255,43255,4015,39240,37074,94,2263,7223,0,0,39240,0,39240,0
211,HARYANA,PANCHKULA,1379,88286,12231,14569,14569,1136,13433,8366,62,1143,5067,0,0,13433,0,13433,0
212,HARYANA,PANIPAT,481,130273,12902,51405,51405,5140,46265,104362,222,2443,0,0,0,46265,0,46265,0
213,HARYANA,REWARI,541,150887,13582,28966,28966,2564,26401,35148,132,1995,233,0,0,26401,0,26401,0
214,HARYANA,ROHTAK,442,166907,14639,35573,35573,3557,32016,23273,51,523,15642,0,0,32016,0,32016,0
215,HARYANA,SIRSA,283,426992,21080,61801,61801,5226,56574,129442,152,1476,1774,0,0,56574,0,56574,0
216,HARYANA,SONIPAT,650,215722,26114,79146,79146,6637,72508,82041,104,8951,9806,0,0,72508,0,72508,0
217,HARYANA,YAMUNA NAGAR,901,171777,25822,60033,60033,5395,54637,71380,130,5072,3547,0,0,54637,0,54637,0
218,HIMACHAL PRADESH,BALH VALLEY,1506,39500,2393,2711,2711,271,2439,1034,42,756,1405,0,0,2439,0,2439,0
219,HIMACHAL PRADESH,CHAUNTRA VALLEY,1506,5200,1379,5225,5225,522,4703,130,2,130,4572,0,0,4703,0,4703,0
220,HIMACHAL PRADESH,DHARAMSHALA PALAMPUR VALLEY,2019,45200,13323,13693,13693,1369,12324,3142,25,3141,9181,0,0,12324,0,12324,0
221,HIMACHAL PRADESH,HUM VALLEY,1110,6578,566,743,743,74,669,415,62,103,253,0,0,669,0,669,0
222,HIMACHAL PRADESH,KALA AMB VALLEY,1618,8200,1700,1724,1724,86,1638,624,38,205,1013,0,0,1638,0,1638,0
223,HIMACHAL PRADESH,NALAGARH VALLEY,1366,33600,7476,16036,16036,801,15234,8819,57,1250,6414,0,0,15234,0,15234,0
224,HIMACHAL PRADESH,NURPUR & INDAURA vALLEY,2019,102400,24207,41697,41697,4169,37528,8174,21,2219,29353,0,0,37528,0,37528,0
225,HIMACHAL PRADESH,POANTA VALLEY,1618,27600,8433,8633,8633,863,7769,1564,20,764,6205,0,0,7769,0,7769,0
226,HIMACHAL PRADESH,UNA VALLEY BEAS CATCHMENT,1110,6500,1018,1056,1056,105,950,245,25,122,705,0,0,950,0,950,0
227,HIMACHAL PRADESH,UNA VALLEY SUTLEJ CATCHMENT,1110,104500,13207,19755,19755,1975,17779,11699,65,2966,6080,0,0,17779,0,17779,0
228,JAMMU AND KASHMIR,Anantnag,1235,92388,13148,13945,13945,1394,12550,2366,18,1959,10183,0,0,12550,0,12550,0
229,JAMMU AND KASHMIR,Bandipora,1069,51382,6385,6488,6488,648,5839,673,11,660,5166,0,0,5839,0,5839,0
230,JAMMU AND KASHMIR,Baramulla,1534,121670,15508,17157,17157,1715,15441,2215,14,1846,13226,0,0,15441,0,15441,0
231,JAMMU AND KASHMIR,Barmulla,0,0,0,0,0,0,0,0,0,0,0,0,0,0,0,0,0
232,JAMMU AND KASHMIR,Budgam,721,60782,3689,5276,5276,511,4765,1324,27,1212,3440,0,0,4765,0,4765,0
233,JAMMU AND KASHMIR,Doda,1262,109988,216,1038,1038,103,935,192,20,170,742,0,0,935,0,935,0
234,JAMMU AND KASHMIR,Ganderbal,721,15170,520,939,939,93,845,446,52,245,399,0,0,845,0,845,0
235,JAMMU AND KASHMIR,Jammu,1338,250049,40061,46735,46735,4673,42061,13639,32,7732,28422,0,0,42061,0,42061,0
236,JAMMU AND KASHMIR,Kathua,1338,247812,20441,24611,24611,2204,22406,7345,32,3713,15061,0,0,22406,0,22406,0
237,JAMMU AND KASHMIR,Kishtwar,1262,258828,749,1317,1317,131,1185,186,15,150,999,0,0,1185,0,1185,0
238,JAMMU AND KASHMIR,Kulgam,1235,42340,5396,6811,6811,681,6130,1254,20,1067,4875,0,0,6130,0,6130,0
239,JAMMU AND KASHMIR,Kupwara,0,0,0,0,0,0,0,0,0,0,0,0,0,0,0,0,0
240,JAMMU AND KASHMIR,Kupwarar,1069,82347,3707,6248,6248,624,5623,1199,21,1171,4424,0,0,5623,0,5623,0
241,JAMMU AND KASHMIR,Mirpur,0,0,0,0,0,0,0,0,0,0,0,0,0,0,0,0,0
242,JAMMU AND KASHMIR,Muzaffarabad,0,0,0,0,0,0,0,0,0,0,0,0,0,0,0,0,0
243,JAMMU AND KASHMIR,Poonch,1350,167232,1928,5155,5155,515,4639,782,16,444,3857,0,0,4639,0,4639,0
244,JAMMU AND KASHMIR,Pulwama,721,50864,4888,6728,6728,672,6055,1988,32,1492,4066,0,0,6055,0,6055,0
245,JAMMU AND KASHMIR,Rajouri,2198,281875,25625,28735,28735,2710,26025,2021,7,1228,24003,0,0,26025,0,26025,0
246,JAMMU AND KASHMIR,Ramban,1350,64657,369,707,707,70,636,211,33,147,424,0,0,636,0,636,0
247,JAMMU AND KASHMIR,Reasi,2198,213325,10561,24295,24295,2429,21866,2403,10,2003,19462,0,0,21866,0,21866,0
248,JAMMU AND KASHMIR,Samba,1338,104422,19433,21921,21921,2137,19784,2727,13,2139,17057,0,0,19784,0,19784,0
249,JAMMU AND KASHMIR,Shopian,1235,29657,6082,7384,7384,738,6646,1026,15,869,5619,0,0,6646,0,6646,0
250,JAMMU AND KASHMIR,Srinagar,721,87500,11115,12207,12207,1220,10986,6947,63,6574,4038,124215,0,135201,0,135201,0
251,JAMMU AND KASHMIR,Srinagar Hilly Area,0,0,0,0,0,0,0,0,0,0,0,0,0,0,0,0,0
252,JAMMU AND KASHMIR,Udhampur,2198,249889,14646,17484,17484,1582,15902,2356,14,1771,13545,0,0,15902,0,15902,0
253,JHARKHAND,BOKARO,1208,285938,18446,20969,20969,1599,19370,8836,45,4406,11106,121362,0,140732,0,140732,0
254,JHARKHAND,CHATRA,1148,393189,22138,26225,26225,1753,24472,9274,37,1940,15188,147565,0,172038,0,172038,0
255,JHARKHAND,DEOGHAR,1309,255105,14293,17182,17182,1095,16086,8418,52,2887,7654,87476,0,103562,0,103562,0
256,JHARKHAND,DHANBAD,1388,247851,20511,28066,28066,2210,25856,18937,73,5920,7035,89207,0,115063,0,115063,0
257,JHARKHAND,DUMKA,1422,371643,23956,28427,28427,2243,26184,6227,23,2465,19945,131604,0,157789,0,157789,0
258,JHARKHAND,EAST SINGHBHUM,1438,363335,25280,28099,28099,2227,25872,7614,29,5020,18978,137534,0,163407,0,163407,0
259,JHARKHAND,GARHWA,1088,404475,25246,29989,29989,2617,27371,9921,36,2339,17439,130687,0,158059,0,158059,0
260,JHARKHAND,GIRIDIH,1241,508490,37672,43228,43228,3197,40030,15152,37,4590,24856,185252,0,225283,0,225283,0
261,JHARKHAND,GODDA,1180,211109,20062,22852,22852,1659,21192,4550,21,2434,16630,74983,0,96176,0,96176,0
262,JHARKHAND,GUMLA,1369,534726,33671,35377,35377,3014,32362,5603,17,1810,26750,210579,0,242942,0,242942,0
263,JHARKHAND,HAZARIBAGH,1338,431046,30507,35106,35106,3077,32028,11645,36,3340,20367,154461,0,186490,0,186490,0
264,JHARKHAND,JAMTARA,1443,180429,6859,9175,9175,728,8446,3773,44,1490,4665,44796,0,53242,0,53242,0
265,JHARKHAND,KHUNTI,1409,260017,12313,13711,13711,1112,12598,3391,26,998,9202,84627,0,97226,0,97226,0
266,JHARKHAND,KODERMA,1129,149670,5716,6752,6752,543,6208,4081,65,1397,2120,43604,0,49813,0,49813,0
267,JHARKHAND,LATEHAR,1279,361261,20261,24674,24674,2094,22580,6566,29,1357,16007,100632,0,123213,0,123213,0
268,JHARKHAND,LOHARDAGA,1238,149246,18750,19845,19845,1984,17861,2716,15,878,15140,83213,0,101075,0,101075,0
269,JHARKHAND,PAKUR,1660,180559,24490,26824,26824,2682,24142,3465,14,1533,20668,60526,0,84668,0,84668,0
270,JHARKHAND,PALAMAU,1023,451659,25405,34280,34280,2874,31405,10975,34,3681,20412,151183,0,182589,0,182589,0
271,JHARKHAND,RAMGARH,1307,139565,8865,11406,11406,837,10569,6355,60,2006,4253,51414,0,61984,0,61984,0
272,JHARKHAND,RANCHI,1314,498221,34672,40611,40611,3677,36933,17126,46,6138,19777,174658,0,211591,0,211591,0
273,JHARKHAND,SAHEBGANJ,1564,170205,26791,31103,31103,2950,28152,4447,15,2200,23694,158872,0,187025,0,187025,0
274,JHARKHAND,SARAIKELA KHARSAWAN,1322,268217,17173,18490,18490,1406,17083,3727,21,2110,13346,123587,0,140670,0,140670,0
275,JHARKHAND,SIMDEGA,1547,375229,24064,25260,25260,2149,23110,3148,13,1120,19956,145934,0,169045,0,169045,0
276,JHARKHAND,WEST SINGHBHUM,1329,722220,47944,50395,50395,4562,45832,4921,10,2879,40897,260670,0,306503,0,306503,0
277,KARNATAKA,Bagalkot,661,656192,22042,65347,65347,6534,58812,49649,84,4601,23912,0,0,58812,0,58812,0
278,KARNATAKA,Ballari,618,422617,16069,68859,68859,6886,61973,16500,26,2108,45644,0,0,61973,0,61973,0
279,KARNATAKA,Belagavi,845,1339891,60739,120115,120115,11459,108655,78095,71,13928,37253,0,0,108655,0,108655,0
280,KARNATAKA,Bengaluru (Rural),834,230037,13376,17502,17502,1750,15752,23164,147,2771,0,0,0,15752,0,15752,0
281,KARNATAKA,Bengaluru (Urban),784,219559,13181,31739,31739,3173,28565,53332,186,16447,0,0,0,28565,0,28565,0
282,KARNATAKA,Bidar,850,545453,31027,37486,37486,3729,33757,20394,60,4416,13297,0,0,33757,0,33757,0
283,KARNATAKA,Chamarajanagara,1105,563926,23621,37564,37564,3427,34136,32793,96,3049,4121,0,0,34136,0,34136,0
284,KARNATAKA,Chikkaballapura,919,425105,22204,33957,33957,3395,30561,50221,164,3150,0,0,0,30561,0,30561,0
285,KARNATAKA,Chikkamagaluru,1244,720948,30055,67574,67574,6757,60817,33809,55,2625,28144,0,0,60817,0,60817,0
286,KARNATAKA,Chitradurga,569,843473,27057,39846,39846,3984,35861,51798,144,4073,661,0,0,35861,0,35861,0
287,KARNATAKA,Dakshina Kannada,4060,486100,64480,74886,74886,7488,67397,29852,44,5412,37285,0,0,67397,0,67397,0
288,KARNATAKA,Davanagere,732,447964,18098,61541,61541,6154,55387,50229,90,3732,18435,0,0,55387,0,55387,0
289,KARNATAKA,Dharwad,770,425485,18623,32392,32392,3239,29153,16127,55,1747,12983,0,0,29153,0,29153,0
290,KARNATAKA,Gadag,710,465515,16896,33195,33195,3319,29875,24299,81,732,7593,0,0,29875,0,29875,0
291,KARNATAKA,Hassan,931,681866,31880,85080,85080,8508,76572,50316,65,1193,31439,0,0,76572,0,76572,0
292,KARNATAKA,Haveri,823,481764,23723,57243,57243,5724,51519,36400,70,2184,17015,0,0,51519,0,51519,0
293,KARNATAKA,Kalburgi,837,1097529,57718,71882,71882,7169,64712,28176,43,7653,36732,0,0,64712,0,64712,0
294,KARNATAKA,Kodagu,2215,411339,19010,24292,24292,2297,21995,7794,35,956,14174,0,0,21995,0,21995,0
295,KARNATAKA,Kolara,822,398993,20540,41208,41208,4120,37087,71709,193,4297,0,0,0,37087,0,37087,0
296,KARNATAKA,Koppal,627,557604,19006,65162,65162,6516,58646,37216,63,2926,25992,0,0,58646,0,58646,0
297,KARNATAKA,Mandya,733,495571,21716,72048,72048,7064,64983,41485,63,4003,26807,0,0,64983,0,64983,0
298,KARNATAKA,Mysuru,811,631056,29077,68839,68839,6883,61955,31959,51,4531,29777,0,0,61955,0,61955,0
299,KARNATAKA,Raichur,552,846992,31251,79221,79221,7870,71350,33819,47,3589,38907,0,0,71350,0,71350,0
300,KARNATAKA,Ramanagara,922,352810,17622,47973,47973,4797,43176,42286,97,3295,3313,0,0,43176,0,43176,0
301,KARNATAKA,Shivamogga,1916,847317,64845,110362,110362,11036,99325,40827,41,2749,60205,0,0,99325,0,99325,0
302,KARNATAKA,Tumakuru,745,1060325,52933,84748,84748,8474,76273,69300,90,5984,15943,0,0,76273,0,76273,0
303,KARNATAKA,Udupi,4419,357072,44022,51877,51877,5187,46689,16071,34,2144,30584,0,0,46689,0,46689,0
304,KARNATAKA,Uttara Kannada,2600,1029691,81452,91516,91516,8867,82649,26608,32,3194,55992,0,0,82649,0,82649,0
305,KARNATAKA,Vijayanagara,661,566765,22333,40054,40054,4005,36049,31814,88,1632,7129,0,0,36049,0,36049,0
306,KARNATAKA,Vijayapura,612,1050304,64350,100349,100349,10034,90314,39030,43,5237,52432,0,0,90314,0,90314,0
307,KARNATAKA,Yadgir,836,527499,23661,59712,59712,5661,54050,20282,37,3230,34410,0,0,54050,0,54050,0
308,KERALA,ALAPPUZHA,2688,141403,31758,38652,38652,3014,35637,14257,40,10454,21183,0,0,35637,0,35637,0
309,KERALA,ERNAKULAM,3146,294447,44815,52318,52318,5123,47195,23401,49,19007,20033,0,0,47195,0,47195,0
310,KERALA,IDUKKI,3606,435805,19216,21271,21271,2127,19144,10126,52,4115,8949,0,0,19144,0,19144,0
311,KERALA,KANNUR,3279,296796,40443,45121,45121,4512,40609,20182,49,14322,18219,0,0,40609,0,40609,0
312,KERALA,KASARGOD,3452,196130,29622,35227,35227,3522,31704,23139,72,11365,5781,0,0,31704,0,31704,0
313,KERALA,KOLLAM,2361,249100,33911,37455,37455,3646,33809,16963,50,12609,16333,0,0,33809,0,33809,0
314,KERALA,KOTTAYAM,2950,222088,35334,41653,41653,3885,37768,13808,36,9183,23670,0,0,37768,0,37768,0
315,KERALA,KOZHIKKODE,3366,234230,32804,34914,34914,3491,31422,19480,61,20923,7434,25266,0,56689,0,56689,0
316,KERALA,MALAPPURAM,2763,354981,43614,52693,52693,5133,47560,34811,73,49258,10735,0,0,47560,0,47560,0
317,KERALA,PALAKKAD,2182,447622,35922,64453,64453,6036,58416,34305,58,22322,19891,0,0,58416,0,58416,0
318,KERALA,PATHANAMTHITTA,2776,262675,23884,26299,26299,2526,23773,7649,32,4195,15797,0,0,23773,0,23773,0
319,KERALA,THIRUVANANTHAPURAM,1808,218797,25966,29238,29238,2470,26767,17684,66,13568,8299,0,0,26767,0,26767,0
320,KERALA,THRISSUR,3006,302385,48319,63934,63934,6092,57841,34472,59,17127,20773,0,0,57841,0,57841,0
321,KERALA,WAYANAD,3060,213062,22654,23684,23684,2368,21315,5604,26,5047,14941,0,0,21315,0,21315,0
322,LADAKH,KARGIL,89,693000,489,1560,1560,156,1404,479,34,454,925,0,0,1404,0,1404,0
323,LADAKH,LEH,62,2870600,980,5181,5181,518,4662,1397,29,1281,3265,0,0,4662,0,4662,0
324,LAKSHDWEEP,AMINI,1805,571,300,300,247,120,127,70,55,72,55,0,0,127,0,127,0
325,LAKSHDWEEP,ANDROTH,1805,712,374,374,311,149,161,85,52,88,73,0,0,161,0,161,0
326,LAKSHDWEEP,KAVARATTI,1805,634,333,333,269,133,136,100,74,103,32,0,0,136,0,136,0
327,LAKSHDWEEP,KILTAN,1805,267,140,140,114,56,58,36,62,37,21,0,0,58,0,58,0
328,LAKSHDWEEP,MINICOY,1805,437,230,230,178,92,86,56,65,58,28,0,0,86,0,86,0
329,MADHYA PRADESH,AGAR MALWA,1036,272193,31648,43629,43629,2181,41448,37316,90,1766,6494,0,0,41448,0,41448,0
330,MADHYA PRADESH,ALIRAJPUR,836,331800,20453,23164,23164,1158,22005,9120,41,2049,12776,0,0,22005,0,22005,0
331,MADHYA PRADESH,ANUPPUR,1423,372400,29039,29724,29724,1486,28238,7121,25,1623,21073,0,0,28238,0,28238,0
332,MADHYA PRADESH,ASHOKNAGAR,935,467394,28128,38939,38939,1946,36992,23133,62,1927,13781,0,0,36992,0,36992,0
333,MADHYA PRADESH,BALAGHAT,1471,922900,69293,76412,76412,4506,71905,16746,23,4018,55036,0,0,71905,0,71905,0
334,MADHYA PRADESH,BARWANI,742,542200,33297,56388,56388,3105,53282,37324,70,4139,20165,0,0,53282,0,53282,0
335,MADHYA PRADESH,BETUL,1081,1004300,84847,105478,105478,5339,100139,48769,48,3917,51225,0,0,100139,0,100139,0
336,MADHYA PRADESH,BHIND,951,445900,80465,95935,95935,5569,90366,29422,32,3758,60797,0,0,90366,0,90366,0
337,MADHYA PRADESH,BHOPAL,1106,277237,30498,39529,39529,1976,37553,29776,79,5584,7401,0,0,37553,0,37553,0
338,MADHYA PRADESH,BURHANPUR,883,323300,25152,36028,36028,1801,34227,24564,71,1859,9562,0,0,34227,0,34227,0
339,MADHYA PRADESH,CHHATARPUR,1095,868736,65883,88202,88202,4410,83792,53773,64,3324,29851,0,0,83792,0,83792,0
340,MADHYA PRADESH,CHHINDWARA,1221,1181500,89834,108033,108033,6362,101671,62932,61,5674,38531,0,0,101671,0,101671,0
341,MADHYA PRADESH,DAMOH,1176,730600,27965,39610,39610,1980,37629,21983,58,2735,15276,0,0,37629,0,37629,0
342,MADHYA PRADESH,DATIA,963,269100,40896,49572,49572,2478,47093,17065,36,1894,29929,0,0,47093,0,47093,0
343,MADHYA PRADESH,DEWAS,1069,702084,67453,87896,87896,4419,83477,65914,78,4579,19074,0,0,83477,0,83477,0
344,MADHYA PRADESH,DHAR,902,815300,85677,138112,138112,6905,131206,86470,65,6648,55811,0,0,131206,0,131206,0
345,MADHYA PRADESH,DINDORI,1376,572500,31542,32837,32837,1641,31195,4284,13,1986,26804,0,0,31195,0,31195,0
346,MADHYA PRADESH,GUNA,1082,639000,68453,89336,89336,4466,84869,54827,64,2715,29900,0,0,84869,0,84869,0
347,MADHYA PRADESH,GWALIOR,879,456400,54334,81243,81243,4062,77181,25832,33,6003,50934,0,0,77181,0,77181,0
348,MADHYA PRADESH,HARDA,1374,333000,28714,47713,47713,2385,45328,16320,36,1330,28941,0,0,45328,0,45328,0
349,MADHYA PRADESH,HOSHANGABAD,1437,670400,137409,186769,186769,9340,177429,44759,25,2355,132592,0,0,177429,0,177429,0
350,MADHYA PRADESH,INDORE,941,389800,39897,57203,57203,2860,54343,64580,118,8966,2311,0,0,54343,0,54343,0
351,MADHYA PRADESH,JABALPUR,1227,522093,52926,64396,64396,3219,61176,32584,53,6365,28076,0,0,61176,0,61176,0
352,MADHYA PRADESH,JHABUA,849,346000,21185,27241,27241,1362,25879,10959,42,3147,14644,0,0,25879,0,25879,0
353,MADHYA PRADESH,KATNI,1171,489400,34740,41514,41514,2075,39438,18734,47,2996,20541,0,0,39438,0,39438,0
354,MADHYA PRADESH,KHANDWA,950,752450,55498,122819,122819,8939,113880,45302,39,3285,68509,0,0,113880,0,113880,0
355,MADHYA PRADESH,KHARGONE,950,803000,57720,101027,101027,5742,95285,42562,44,4866,52448,0,0,95285,0,95285,0
356,MADHYA PRADESH,MANDLA,1445,754400,42168,47645,47645,2382,45263,9951,21,2690,35197,0,0,45263,0,45263,0
357,MADHYA PRADESH,MANDSAUR,880,553006,46090,69349,69349,3467,65882,67072,101,3617,7109,0,0,65882,0,65882,0
358,MADHYA PRADESH,MORENA,753,496889,51834,71133,71133,3556,67576,28935,42,6348,38273,0,0,67576,0,67576,0
359,MADHYA PRADESH,NARSINGHPUR,1243,513300,105130,126082,126082,6304,119778,78440,65,2452,41260,0,0,119778,0,119778,0
360,MADHYA PRADESH,NEEMUCH,850,420044,27448,39149,39149,1957,37191,37760,101,1846,2715,0,0,37191,0,37191,0
361,MADHYA PRADESH,NIWARI,1070,156462,14906,20177,20177,1008,19168,12888,67,1339,6102,0,0,19168,0,19168,0
362,MADHYA PRADESH,PANNA,1182,713500,46904,54691,54691,2734,51956,18936,36,2635,32900,0,0,51956,0,51956,0
363,MADHYA PRADESH,RAISEN,1237,846640,83344,97481,97481,5506,91974,47455,51,3727,44273,0,0,91974,0,91974,0
364,MADHYA PRADESH,RAJGARH,999,615498,73586,94350,94350,4717,89632,79340,88,4534,11122,0,0,89632,0,89632,0
365,MADHYA PRADESH,RATLAM,953,486100,51872,83301,83301,4416,78884,105732,134,6066,2549,0,0,78884,0,78884,0
366,MADHYA PRADESH,REWA,1143,631360,44628,54271,54271,2713,51557,28176,54,6185,22972,0,0,51557,0,51557,0
367,MADHYA PRADESH,SAGAR,1197,1025200,90783,109286,109286,5835,103451,61105,59,4089,42117,0,0,103451,0,103451,0
368,MADHYA PRADESH,SATNA,1075,752016,60191,77988,77988,3899,74089,47589,64,5077,28506,0,0,74089,0,74089,0
369,MADHYA PRADESH,SEHORE,1217,657800,52880,71568,71568,3578,67990,42500,62,2714,25343,0,0,67990,0,67990,0
370,MADHYA PRADESH,SEONI,1323,875800,62830,71843,71843,3592,68251,29479,43,3532,38617,0,0,68251,0,68251,0
371,MADHYA PRADESH,SHAHDOL,1225,584100,49991,51684,51684,2584,49100,7451,15,2440,41548,0,0,49100,0,49100,0
372,MADHYA PRADESH,SHAJAPUR,1036,347325,41830,56585,56585,2829,53756,55988,104,2288,2526,0,0,53756,0,53756,0
373,MADHYA PRADESH,SHEOPUR,799,660600,35205,55752,55752,4400,51351,19667,38,1968,31566,0,0,51351,0,51351,0
374,MADHYA PRADESH,SHIVPURI,994,1027800,68374,89022,89022,6314,82707,55271,66,5048,27139,0,0,82707,0,82707,0
375,MADHYA PRADESH,SIDHI,1154,485400,26641,30358,30358,1517,28840,10891,37,3157,17753,0,0,28840,0,28840,0
376,MADHYA PRADESH,SINGRAULI,1175,567200,33690,37029,37029,1851,35178,13966,39,2945,20979,0,0,35178,0,35178,0
377,MADHYA PRADESH,TIKAMGARH,1070,348338,29661,40862,40862,2043,38819,30396,78,3746,7839,0,0,38819,0,38819,0
378,MADHYA PRADESH,UJJAIN,967,613023,70468,98675,98675,4933,93741,99867,106,4104,10011,0,0,93741,0,93741,0
379,MADHYA PRADESH,UMARIA,1250,453900,35763,37390,37390,1869,35520,6752,19,1714,28654,0,0,35520,0,35520,0
380,MADHYA PRADESH,VIDISHA,1135,737100,78265,95502,95502,5233,90268,57220,63,4260,32820,0,0,90268,0,90268,0
381,MAHARASHTRA,Ahmednagar,573,1562475,103441,162903,162903,8268,154635,121592,79,6208,43145,0,0,152887,1747,152887,1747
382,MAHARASHTRA,Akola,782,514164,34210,45004,45004,3204,41799,24753,64,2375,13106,0,0,36856,4943,36856,4943
383,MAHARASHTRA,Amravati,861,839239,64669,94684,94684,6864,87820,67103,79,5234,22251,0,0,77822,9998,77822,9998
384,MAHARASHTRA,Aurangabad,670,950174,79618,118554,118554,5999,112554,72814,64,3462,39739,0,0,112554,0,112554,0
385,MAHARASHTRA,Beed,695,1035205,87061,130289,130289,6831,123458,73383,59,4897,50074,0,0,123458,0,123458,0
386,MAHARASHTRA,Bhandara,1449,396497,32736,94333,94333,7060,87273,26287,30,3759,60927,0,0,87273,0,87273,0
387,MAHARASHTRA,Buldhana,756,820615,66927,93569,93569,5504,88065,64604,74,3365,25190,0,0,86320,1744,86320,1744
388,MAHARASHTRA,Chandrapur,1286,1047657,100385,117366,117366,6228,111137,32802,29,17833,78335,0,0,111137,0,111137,0
389,MAHARASHTRA,Dhule,643,642132,45174,73230,73230,4005,69225,35720,51,1756,33504,0,0,69225,0,69225,0
390,MAHARASHTRA,Gadchiroli,1287,886649,92707,107416,107416,5989,101426,26596,26,4782,74830,0,0,101426,0,101426,0
391,MAHARASHTRA,Gondia,1495,459704,43326,66422,66422,4372,62050,16529,26,6029,45520,0,0,62050,0,62050,0
392,MAHARASHTRA,Hingoli,966,466241,51498,102943,102943,5163,97779,38448,39,2159,59424,0,0,97779,0,97779,0
393,MAHARASHTRA,Jalgaon,687,1137883,89297,144817,144817,7830,136987,106450,77,4887,36664,0,0,136987,0,136987,0
394,MAHARASHTRA,Jalna,684,771800,58383,84654,84654,4303,80351,41953,52,5697,35304,0,0,80351,0,80351,0
395,MAHARASHTRA,Kolhapur,1674,562176,54129,135989,135989,8196,127793,54318,42,2140,73475,0,0,127793,0,127793,0
396,MAHARASHTRA,Latur,702,663548,44853,70877,70877,3954,66923,35972,53,2199,31415,0,0,66923,0,66923,0
397,MAHARASHTRA,Mumbai,2205,7004,1365,1555,1555,77,1477,680,46,619,797,0,0,1477,0,1477,0
398,MAHARASHTRA,Mumbai Sub,2141,36494,6912,7153,7153,357,6795,1869,27,1787,4925,0,0,6795,0,6795,0
399,MAHARASHTRA,Nagpur,1164,799042,68303,102866,102866,5785,97081,46466,47,10252,50628,0,0,97081,0,97081,0
400,MAHARASHTRA,Nanded,1025,1017771,106986,125609,125609,6289,119319,38252,32,3385,81090,0,0,119319,0,119319,0
401,MAHARASHTRA,Nandurbar,939,415278,39900,51835,51835,2774,49060,20489,41,2991,28571,0,0,49060,0,49060,0
402,MAHARASHTRA,Nashik,981,1348856,136223,200913,200913,11142,189770,109442,57,3593,86065,0,0,189770,0,189770,0
403,MAHARASHTRA,Osmanabad,768,671628,63628,89185,89185,4502,84683,50589,59,2315,34273,0,0,84683,0,84683,0
404,MAHARASHTRA,Palghar,2503,276086,18331,22144,22144,1390,20754,4990,24,1017,15763,0,0,20754,0,20754,0
405,MAHARASHTRA,Parbhani,896,621400,59293,87269,87269,4363,82906,38162,46,1950,44743,0,0,82906,0,82906,0
406,MAHARASHTRA,Pune,680,1275728,96759,198864,198864,14827,184036,126071,64,8494,71509,0,0,180459,3577,180459,3577
407,MAHARASHTRA,Raigad,3069,374759,32706,38092,38092,1954,36137,6210,17,1982,29927,0,0,36137,0,36137,0
408,MAHARASHTRA,Ratnagiri,3455,511307,38656,41076,41076,2287,38789,6934,17,1331,31855,0,0,38789,0,38789,0
409,MAHARASHTRA,Sangli,653,842758,57684,144510,144510,9900,134610,70488,53,3414,61692,0,0,131740,2869,131740,2869
410,MAHARASHTRA,Satara,921,877507,55905,111593,111593,6895,104697,65504,62,4854,39595,0,0,104697,0,104697,0
411,MAHARASHTRA,Sindhudurg,3463,279305,20894,23342,23342,1174,22168,9652,43,2223,12515,0,0,22168,0,22168,0
412,MAHARASHTRA,Solapur,663,1483890,94793,146513,146513,7657,138855,107754,77,4853,37691,0,0,138855,0,138855,0
413,MAHARASHTRA,Thane,2526,233447,14767,17290,17290,953,16336,3137,19,739,13199,0,0,16336,0,16336,0
414,MAHARASHTRA,Wardha,1039,581216,58913,89457,89457,4574,84882,42567,50,3455,42458,0,0,84882,0,84882,0
415,MAHARASHTRA,Washim,911,481196,42578,63223,63223,3279,59944,34228,57,2108,25715,0,0,59944,0,59944,0
416,MAHARASHTRA,Yawatmal,1008,1144066,102996,124901,124901,6866,118034,45000,38,7636,73037,0,0,118034,0,118034,0
417,MANIPUR,BISHNUPUR,1987,49600,11830,11913,11913,1191,10722,611,5,290,10104,190080,0,200802,0,200802,0
418,MANIPUR,CHANDEL,0,331300,0,0,0,0,0,0,0,0,0,0,0,0,0,0,0
419,MANIPUR,CHURACHANPUR,2133,457000,8218,8287,8287,828,7458,461,6,192,6996,154080,0,161538,0,161538,0
420,MANIPUR,IMPHAL EAST,1717,70900,14609,14948,14948,1494,13453,1085,8,502,12365,178544,0,191997,0,191997,0
421,MANIPUR,IMPHAL WEST,1384,51900,8625,8699,8699,869,7829,865,11,571,6961,188560,0,196389,0,196389,0
422,MANIPUR,SENAPATI,0,327100,0,0,0,0,0,0,0,0,0,0,0,0,0,0,0
423,MANIPUR,TAMENGLONG,0,439100,0,0,0,0,0,0,0,0,0,0,0,0,0,0,0
424,MANIPUR,THOUBAL,1276,51400,7875,7937,7937,793,7143,703,9,465,6438,220800,0,227943,0,227943,0
425,MANIPUR,UKHRUL,0,454400,0,0,0,0,0,0,0,0,0,0,0,0,0,0,0
426,MEGHALAYA,EAST GARO HILLS,2975,144300,8181,9427,9427,942,8484,339,3,368,8116,26817,0,35301,0,35301,0
427,MEGHALAYA,EAST JAINTIA HILLS,2320,204000,16773,16954,16954,1695,15258,190,1,211,15047,21591,0,36850,0,36850,0
428,MEGHALAYA,EAST KHASI HILLS,4032,274800,21763,22693,22693,2269,20424,651,3,694,19727,17382,0,37807,0,37807,0
429,MEGHALAYA,NORTH GARO HILLS,2803,116000,7338,9968,9347,996,8350,409,4,439,7909,37706,0,46057,0,46057,0
430,MEGHALAYA,RI BHOI,2030,244800,6373,6580,6580,658,5922,337,5,349,5550,9954,0,15876,0,15876,0
431,MEGHALAYA,SOUTH GARO HILLS,4210,188700,23405,23529,23529,2352,21176,251,1,272,20904,31202,0,52379,0,52379,0
432,MEGHALAYA,SOUTH WEST GARO HILLS,1634,86600,7713,8092,5251,809,4442,763,17,258,3671,52013,0,56455,0,56455,0
433,MEGHALAYA,SOUTH WEST KHASI HILLS,3918,134100,14093,14357,14357,1435,12922,135,1,147,12774,9707,0,22629,0,22629,0
434,MEGHALAYA,WEST GARO HILLS,2678,281100,30234,31307,20713,3130,17582,2920,16,1071,16886,87850,0,105432,0,105432,0
435,MEGHALAYA,WEST JAINTIA HILLS,2320,177900,11074,11257,11257,1125,10131,593,5,667,9464,13703,0,23834,0,23834,0
436,MEGHALAYA,WEST KHASI HILLS,4062,390600,29585,31705,31705,3170,28535,453,1,497,28038,18404,0,46939,0,46939,0
437,MIZORAM,AIZAWL,2262,357600,1573,1573,1573,157,1415,196,13,210,1205,0,0,1415,0,1415,0
438,MIZORAM,CHAMPHAI,1745,318500,1601,1601,1601,160,1441,43,3,45,1395,0,0,1441,0,1441,0
439,MIZORAM,KOLASIB,2242,138200,2834,2834,2834,283,2551,31,1,33,2518,0,0,2551,0,2551,0
440,MIZORAM,LAWNGTLAI,2003,255700,3337,3337,3337,333,3004,101,3,113,2890,0,0,3004,0,3004,0
441,MIZORAM,LUNGLEI,2168,455700,5167,5167,5167,516,4650,189,4,194,4456,0,0,4650,0,4650,0
442,MIZORAM,MAMIT,2177,300400,4990,4990,4990,499,4491,100,2,112,4378,0,0,4491,0,4491,0
443,MIZORAM,SAIHA,2249,139900,767,767,767,76,690,39,5,41,648,0,0,690,0,690,0
444,MIZORAM,SERCHHIP,1686,142100,872,872,872,87,784,47,6,49,735,0,0,784,0,784,0
445,NAGALAND,Dimapur,1744,92700,21620,23222,23222,1649,21572,1548,7,859,19972,0,0,21572,0,21572,0
446,NAGALAND,Kiphire,1074,113000,184,512,512,51,460,9,2,10,450,0,0,460,0,460,0
447,NAGALAND,Kohima,1779,146300,2413,4353,4353,435,3918,212,5,224,3693,0,0,3918,0,3918,0
448,NAGALAND,Longleng,1879,56200,1162,1503,1503,150,1352,8,0,15,1337,0,0,1352,0,1352,0
449,NAGALAND,Mokokchung,2080,161500,5496,6291,6291,629,5661,146,2,64,5514,0,0,5661,0,5661,0
450,NAGALAND,Mon,1469,178600,4337,4630,4630,463,4167,151,3,140,4015,0,0,4167,0,4167,0
451,NAGALAND,Peren,1394,165100,4272,6030,6030,603,5427,261,4,79,5164,0,0,5427,0,5427,0
452,NAGALAND,Phek,1295,202600,703,1861,1861,186,1675,37,2,38,1636,0,0,1675,0,1675,0
453,NAGALAND,Tuensang,2079,253600,1010,2882,2882,288,2594,43,1,44,2549,0,0,2594,0,2594,0
454,NAGALAND,Wokha,2166,162800,6960,8676,8676,867,7808,173,2,169,7633,0,0,7808,0,7808,0
455,NAGALAND,Zunheboto,2080,125500,897,1755,1755,175,1579,58,3,58,1520,0,0,1579,0,1579,0
456,ODISHA,ANGUL,1290,639346,43253,58857,58857,4150,54706,29762,54,4916,24570,0,0,54706,0,54706,0
457,ODISHA,BALASORE,1715,382061,91837,165701,165701,12985,152716,78466,59,6734,53322,0,0,130843,21872,130843,21872
458,ODISHA,BARGARH,1259,584545,39936,65590,65590,4329,61261,34131,55,4490,27303,0,0,61261,0,61261,0
459,ODISHA,BHADRAK,1511,252236,42111,92743,92743,9274,83469,36492,60,2883,20976,0,0,53414,30054,53414,30054
460,ODISHA,BOLANGIR,1226,656196,45636,61634,61634,4782,56852,29446,51,6244,26891,0,0,56852,0,56852,0
461,ODISHA,BOUDH,1312,310998,18427,25984,25984,2134,23850,11200,46,1516,12583,0,0,23850,0,23850,0
462,ODISHA,CUTTACK,1577,372859,48087,76158,76158,7100,69058,32463,47,7400,36356,0,0,69058,0,69058,0
463,ODISHA,DEOGARH,1317,296264,21288,33284,33284,3328,29955,17648,58,1009,12276,0,0,29955,0,29955,0
464,ODISHA,DHENKANAL,1428,447581,34421,48346,48346,3522,44823,17393,38,3895,27334,0,0,44823,0,44823,0
465,ODISHA,GAJAPATI,1379,433221,17710,22228,22228,2107,20121,7278,36,1771,12800,0,0,20121,0,20121,0
466,ODISHA,GANJAM,1296,823437,62931,106862,106862,9217,97644,42022,43,12092,52953,0,0,95375,2268,95375,2268
467,ODISHA,JAGATSINGHPUR,1475,188988,30732,64472,64472,6134,58337,29315,58,2461,18542,0,0,45234,13102,45234,13102
468,ODISHA,JAJPUR,1644,286459,42460,61028,61028,4579,56448,35523,64,5010,18215,0,0,52262,4186,52262,4186
469,ODISHA,JHARSUGUDA,1314,212227,17384,21051,21051,1562,19489,9998,51,2717,9291,0,0,19489,0,19489,0
470,ODISHA,KALAHANDI,1479,791435,48086,68300,68300,5532,62768,27880,44,5323,34657,0,0,62767,1,62767,1
471,ODISHA,KANDHAMAL,1648,804007,31244,36971,36971,2819,34151,11104,32,2396,22982,0,0,34150,1,34150,1
472,ODISHA,KENDRAPARA,1540,226344,39911,62412,62412,5099,57312,15647,64,1213,5935,0,0,16591,40720,16591,40720
473,ODISHA,KEONJHAR,1386,833982,66951,92078,92078,8373,83705,38739,46,6604,44692,0,0,83705,0,83705,0
474,ODISHA,KHURDA,1429,288977,28930,46994,46994,4231,42763,26999,63,7983,16373,0,0,42763,0,42763,0
475,ODISHA,KORAPUT,1519,856171,45303,56062,56062,4692,51369,13431,26,4827,37711,0,0,51369,0,51369,0
476,ODISHA,MALKANGIRI,1476,524946,27545,36604,36604,2936,33667,6813,20,2256,26729,0,0,33667,0,33667,0
477,ODISHA,MAYURBHANJ,1522,1052572,102745,148833,148833,10661,138171,62400,45,8297,75487,0,0,138171,0,138171,0
478,ODISHA,NABARANGAPUR,1570,565581,51969,59816,59816,5464,54352,21239,39,4141,32932,0,0,54352,0,54352,0
479,ODISHA,NAYAGARH,1409,391041,26602,38649,38649,2801,35847,17034,47,8151,18775,0,0,35847,0,35847,0
480,ODISHA,NUAPADA,1120,385308,23767,33764,33764,2734,31030,19846,63,2030,11112,0,0,31030,0,31030,0
481,ODISHA,PURI,1520,258611,45217,74499,74499,5922,68577,33873,54,5336,27120,0,0,59644,8932,59644,8932
482,ODISHA,RAYAGADA,1337,728198,28733,35771,35771,2762,33008,11734,35,3199,21159,0,0,33008,0,33008,0
483,ODISHA,SAMBALPUR,1423,662280,46641,66350,66350,5594,60756,21040,34,3356,39628,0,0,60756,0,60756,0
484,ODISHA,SUBARNAPUR,1335,236709,19323,27832,27832,2048,25784,13383,51,1988,12416,0,0,25784,0,25784,0
485,ODISHA,SUNDARGARH,1279,975069,73088,89815,89815,6543,83272,37757,45,6671,45166,0,0,83272,0,83272,0
486,PUDUCHERRY,KARAIKAL,779,16100,1275,4277,4277,427,3850,1480,38,973,2330,0,0,3850,0,3850,0
487,PUDUCHERRY,PUDUCHERRY,1481,32200,5431,14717,14717,1219,13497,11689,86,4484,1671,0,0,13497,0,13497,0
488,PUNJAB,Amritsar,646,267640,34860,148344,148554,14834,133929,237200,177,6453,0,3009017,0,3142947,0,3142947,0
489,PUNJAB,Barnala,517,141301,14687,56621,56621,5662,50959,111521,218,2539,0,1042826,1405,1093785,1405,1093785,1405
490,PUNJAB,Bathinda,350,337424,20834,121117,121117,12111,109006,122278,108,5914,18363,2246277,234834,2355283,234834,2355283,234834
491,PUNJAB,Faridkot,376,147598,10980,63607,63607,6360,57246,90770,122,2632,0,1007678,72264,1064924,72264,1064924,72264
492,PUNJAB,Fatehgarh Sahib,685,114246,16196,38762,38762,3876,34885,72236,207,2554,0,1195038,0,1229924,0,1229924,0
493,PUNJAB,Fazilka,258,273954,12723,81181,87871,8118,86444,95726,62,5118,40552,0,0,86444,0,86444,0
494,PUNJAB,Firozpur,407,251953,20725,145167,156332,14516,152981,175215,110,3514,21373,2725305,150405,2878286,150405,2878286,150405
495,PUNJAB,Gurdaspur,819,261425,42909,167851,168606,16785,152576,208114,136,7138,3991,2767176,0,2919753,0,2919753,0
496,PUNJAB,Hoshiarpur,840,336871,55052,89245,89432,8073,81546,94792,116,6741,9548,4407400,0,4488947,0,4488947,0
497,PUNJAB,Jalandhar,625,262999,32727,79814,81248,7981,74700,190146,254,13642,0,3394749,0,3469450,0,3469450,0
498,PUNJAB,Kapurthala,620,162875,20788,68274,73139,6827,71176,151281,212,3482,0,1703563,0,1774740,0,1774740,0
499,PUNJAB,Ludhiana,552,370715,40166,155055,155832,15505,141103,313193,221,15157,0,2803431,0,2944535,0,2944535,0
500,PUNJAB,Malerkotla,570,74529,8764,21583,21583,2158,19425,58790,302,2017,0,517466,0,536892,0,536892,0
501,PUNJAB,Mansa,307,216862,12507,68548,68607,6854,61811,90573,103,3274,12917,1080135,412265,1141946,412265,1141946,412265
502,PUNJAB,Moga,454,223096,20358,82816,83717,8281,76337,174545,228,4197,0,1727554,0,1803892,0,1803892,0
503,PUNJAB,Muktsar,291,263428,13534,98275,98275,9827,88448,50785,22,3844,68274,838909,339087,927357,339087,927357,339087
504,PUNJAB,Pathankot,1156,95077,14982,48370,48433,4554,43941,22584,51,2873,21329,656978,0,700919,0,700919,0
505,PUNJAB,Patiala,667,331847,43746,92310,92457,9231,83373,178825,214,8059,0,2700234,6998,2783608,6998,2783608,6998
506,PUNJAB,Rupnagar,839,137653,23795,43358,43617,4335,39540,37990,96,2910,6607,1625826,0,1665366,0,1665366,0
507,PUNJAB,SAS Nagar,727,109383,16420,24145,24175,2414,21789,27720,127,4199,1390,1168974,29011,1190763,29011,1190763,29011
508,PUNJAB,SBS Nagar,761,125961,18390,54847,55106,5484,49880,60770,121,2616,2214,1397346,0,1447226,0,1447226,0
509,PUNJAB,Sangrur,495,285796,29036,70695,70725,7069,63684,199484,313,5028,0,2199385,0,2263070,0,2263070,0
510,PUNJAB,Tarn Taran,544,241835,26516,68070,71620,6584,68586,131448,191,4770,0,1710151,0,1778738,0,1778738,0
511,RAJASTHAN,AJMER,527,887668,28840,38032,38032,3803,34229,47260,138,1273,0,0,0,34229,0,34229,0
512,RAJASTHAN,ALWAR,659,872046,75052,81741,81741,8040,73700,133514,188,13731,0,0,0,69534,4166,69534,4166
513,RAJASTHAN,BANSWARA,962,453608,10215,23172,23172,2317,20854,14427,69,2476,6604,0,0,20854,0,20854,0
514,RAJASTHAN,BARAN,933,695531,39601,64735,64735,6473,58262,78185,134,8769,2561,0,0,58262,0,58262,0
515,RAJASTHAN,BARMER,328,2857858,65832,69558,69558,6786,62771,53963,132,7406,1424,0,0,35251,27520,35251,27520
516,RAJASTHAN,BHARATPUR,648,501042,44335,53065,53065,4838,48226,55295,123,6391,0,0,0,36332,11893,36332,11893
517,RAJASTHAN,BHILWARA,655,1045500,31497,45446,45446,4544,40901,64080,156,4743,596,0,0,40901,0,40901,0
518,RAJASTHAN,BIKANER,331,3038177,59377,61993,61993,6199,55793,39118,139,10017,4823,0,0,28104,27689,28104,27689
519,RAJASTHAN,BUNDI,709,550000,18779,34657,34657,2737,31919,32154,100,3920,5377,0,0,31919,0,31919,0
520,RAJASTHAN,CHITTAURGARH,804,788000,23337,34745,34745,3474,31270,50539,161,2163,115,0,0,31270,0,31270,0
521,RAJASTHAN,CHURU,210,1379301,21392,21936,21936,1781,20155,19657,128,3758,1798,0,0,15250,4904,15250,4904
522,RAJASTHAN,DAUSA,660,342017,23993,26928,26928,2692,24235,59063,243,11605,0,0,0,24235,0,24235,0
523,RAJASTHAN,DHAULPUR,710,300905,21435,28108,28108,2810,25297,35353,139,5019,1215,0,0,25297,0,25297,0
524,RAJASTHAN,DUNGARPUR,793,377077,9052,22459,22459,2226,20232,12503,61,905,7728,0,0,20232,0,20232,0
525,RAJASTHAN,GANGANAGAR,245,1114159,43758,149003,149003,14371,134632,34280,40,43,25992,0,0,43337,91294,43337,91294
526,RAJASTHAN,HANUMANGARH,320,957960,46256,99634,99634,8622,91011,48199,64,1502,7384,0,0,20543,70467,20543,70467
527,RAJASTHAN,JAIPUR,591,1106144,66881,76400,76400,7329,69070,150366,222,41267,0,0,0,67484,1586,67484,1586
528,RAJASTHAN,JAISALMER,205,3814500,32436,54312,54312,5431,48881,38465,357,4143,0,0,0,9541,39339,9541,39339
529,RAJASTHAN,JALOR,486,1064000,49872,61698,61698,4837,56860,82871,178,4441,471,0,0,44942,11918,44942,11918
530,RAJASTHAN,JHALAWAR,965,633722,39875,55518,55518,5361,50157,57682,115,4089,5321,0,0,50157,0,50157,0
531,RAJASTHAN,JHUNJHUNU,503,588584,23358,25129,25129,2341,22787,49257,219,13220,0,0,0,22357,429,22357,429
532,RAJASTHAN,JODHPUR,323,2225000,46449,50572,50572,4754,45817,97625,258,15815,267,0,0,37528,8289,37528,8289
533,RAJASTHAN,KARAULI,692,567290,28605,34104,34104,3276,30828,49062,159,4835,1806,0,0,30828,0,30828,0
534,RAJASTHAN,KOTA,825,520394,28869,51867,51867,5186,46681,51425,110,9096,4581,0,0,46681,0,46681,0
535,RAJASTHAN,NAGAUR,436,1771826,64940,69494,69494,6536,62958,109970,183,14476,536,0,0,58044,4913,58044,4913
536,RAJASTHAN,PALI,552,1235700,39683,46631,46631,4488,42143,52520,158,4637,1986,0,0,30827,11315,30827,11315
537,RAJASTHAN,PRATAPGARH,1025,435980,15439,22991,22991,2299,20692,26985,130,623,954,0,0,20692,0,20692,0
538,RAJASTHAN,RAJSAMAND,641,463546,8791,11825,11825,1182,10643,13318,125,2514,588,0,0,10643,0,10643,0
539,RAJASTHAN,SAWAI MADHOPUR,764,502065,31923,44524,44524,3748,40775,64951,159,7563,0,0,0,40775,0,40775,0
540,RAJASTHAN,SIKAR,515,788085,33953,37806,37806,3568,34238,65929,194,13792,879,0,0,33895,342,33895,342
541,RAJASTHAN,SIROHI,676,513600,26307,31140,31140,3114,28026,32931,117,1930,763,0,0,28026,0,28026,0
542,RAJASTHAN,TONK,642,720006,29184,44284,44284,4197,40086,41243,102,10911,3024,0,0,40086,0,40086,0
543,RAJASTHAN,UDAIPUR,729,1176060,21541,32618,32618,3230,29388,30170,102,3797,1529,0,0,29388,0,29388,0
544,SIKKIM,Gangtok,2756,67197,6676,6816,6816,681,6134,408,6,121,5722,0,0,6134,0,6134,0
545,SIKKIM,Gyalsingh,2041,89195,3686,3791,3791,379,3412,237,6,31,3174,0,0,3412,0,3412,0
546,SIKKIM,Mangan,2738,423642,3666,3716,3716,371,3344,104,3,21,3239,0,0,3344,0,3344,0
547,SIKKIM,Namchi,2203,73130,3478,3545,3545,354,3191,213,6,62,2976,0,0,3191,0,3191,0
548,SIKKIM,Pakyong,2756,28456,4964,5022,5022,502,4520,219,4,39,4299,0,0,4520,0,4520,0
549,SIKKIM,Soreng,2041,28988,1239,1270,1270,127,1143,89,7,27,1053,0,0,1143,0,1143,0
550,TAMILNADU,ARIYALUR,956,193398,17739,37721,37721,3381,34339,17926,52,1326,16475,0,0,34339,0,34339,0
551,TAMILNADU,CHENGALPATTU,1185,262590,18801,62787,62787,6204,56583,38638,68,1459,17348,0,0,56583,0,56583,0
552,TAMILNADU,CHENNAI,1321,44628,8083,10217,10217,921,9296,11609,124,10458,835,0,0,9296,0,9296,0
553,TAMILNADU,COIMBATORE,960,367097,24223,60383,60383,5961,54421,47180,86,5832,22168,138998,0,193420,0,193420,0
554,TAMILNADU,CUDDALORE,1262,364674,57521,111824,111824,10884,100940,65583,64,3360,41022,0,0,100940,0,100940,0
555,TAMILNADU,DHARMAPURI,868,342998,24282,47810,47810,4781,43029,41074,95,1522,5615,0,0,43029,0,43029,0
556,TAMILNADU,DINDIGUL,934,626664,27301,62166,62166,6078,56087,62174,110,4055,10109,0,0,56087,0,56087,0
557,TAMILNADU,ERODE,716,347765,17671,73605,73605,7236,66369,54124,81,18347,12329,0,0,66369,0,66369,0
558,TAMILNADU,KALLAKURICHCHI,1111,315545,27997,67131,67131,6097,61034,50907,83,1542,12474,0,0,61034,0,61034,0
559,TAMILNADU,KANCHEEPURAM,1267,170479,16343,57920,57920,5665,52255,25835,49,929,25936,0,0,52255,0,52255,0
560,TAMILNADU,KANNIYAKUMARI,1260,117817,8789,32933,32933,3293,29640,4940,16,1201,24681,0,0,29640,0,29640,0
561,TAMILNADU,KARUR,648,289556,13382,34015,34015,3220,30795,29831,96,1102,7663,0,0,30795,0,30795,0
562,TAMILNADU,KRISHNAGIRI,792,407556,19715,48402,48402,4516,43886,42081,95,1748,5690,4633211,0,4677097,0,4677097,0
563,TAMILNADU,MADURAI,852,361667,25645,78705,78705,7546,73366,49119,66,6197,25741,0,0,73366,0,73366,0
564,TAMILNADU,MAYILADUTHURAI,1317,117358,7102,40125,40125,4012,36112,51113,123,2989,2666,0,0,35536,575,35536,575
565,TAMILNADU,NAGAPATTINAM,0,153843,0,0,0,0,0,0,0,0,0,0,0,0,0,0,0
566,TAMILNADU,NAMAKKAL,747,294211,26321,59780,59780,5563,54217,60918,112,6186,9966,0,0,54217,0,54217,0
567,TAMILNADU,PERAMBALUR,829,168696,9833,25321,25321,2421,22900,25062,109,855,7573,0,0,22900,0,22900,0
568,TAMILNADU,PUDUKKOTTAI,943,450476,38958,99573,99573,9913,89659,44400,50,1943,42144,0,0,87294,2364,87294,2364
569,TAMILNADU,RAMANATHAPURAM,714,408957,33450,49080,49080,4904,44176,5386,10,1437,38489,0,0,43770,405,43770,405
570,TAMILNADU,RANIPET,995,175601,14705,28341,28341,2511,25829,22927,88,1477,3394,0,0,25829,0,25829,0
571,TAMILNADU,SALEM,896,417426,20903,52995,52995,5299,47696,69990,146,2324,9705,0,0,47696,0,47696,0
572,TAMILNADU,SIVAGANGAI,875,418900,30227,66038,66038,6344,59693,17582,29,2249,41324,42332,0,102026,0,102026,0
573,TAMILNADU,TENKASI,801,288243,13555,58059,58059,5675,52384,40164,76,932,21602,64290,0,116674,0,116674,0
574,TAMILNADU,THANJAVUR,1016,339658,65218,104762,104762,10408,94354,95117,100,20705,11705,0,0,94354,0,94354,0
575,TAMILNADU,THE NILGIRIS,1802,254484,14224,14741,14741,1474,13267,902,6,2762,10372,0,0,13267,0,13267,0
576,TAMILNADU,THENI,1269,257654,10954,31406,31406,3140,28266,21636,76,912,8504,0,0,28266,0,28266,0
577,TAMILNADU,THIRUVARUR,852,209709,7779,32909,32909,3290,29618,14338,67,3605,9087,0,0,21323,8295,21323,8295
578,TAMILNADU,THOOTHUKUDI,654,463601,23498,68729,68729,6715,62013,21614,34,1501,39666,0,0,62013,0,62013,0
579,TAMILNADU,TIRUCHIRAPPALLI,742,420777,20128,80486,80486,7993,72493,52991,73,9581,29826,0,0,72493,0,72493,0
580,TAMILNADU,TIRUNELVELI,1971,388145,40368,83678,83678,7890,75788,32748,43,1215,42779,80710,0,156498,0,156498,0
581,TAMILNADU,TIRUPATHUR,856,116180,6155,10037,10037,1003,9033,12575,139,1960,116,0,0,9033,0,9033,0
582,TAMILNADU,TIRUPPUR,629,472629,17672,62009,62009,6065,55944,46783,83,3104,11072,204507,0,260451,0,260451,0
583,TAMILNADU,TIRUVALLUR,1263,323954,55873,89392,89392,7924,81467,43485,54,4401,33663,0,0,78655,2812,78655,2812
584,TAMILNADU,TIRUVANNAMALAI,1069,479405,28997,121599,121599,11453,110146,91275,82,8196,23841,2161364,0,2271510,0,2271510,0
585,TAMILNADU,VELLORE,967,132023,7761,16999,16999,1664,15335,18629,121,2864,647,0,0,15335,0,15335,0
586,TAMILNADU,VILLUPURAM,966,379169,41807,103094,103094,9669,93425,81585,87,3726,15622,0,0,93425,0,93425,0
587,TAMILNADU,VIRUDHUNAGAR,793,432941,20273,82588,82588,7852,74736,41700,55,487,34213,0,0,74736,0,74736,0
588,TELANGANA,Adilabad,1164,415300,26523,61056,61056,5815,55241,19730,35,3462,35525,0,0,55322,0,55322,0
589,TELANGANA,Bhadradri Kothagudem,1188,748234,64933,109164,109164,10448,98716,31286,31,4135,70127,0,0,100956,0,100956,0
590,TELANGANA,Hanumakonda,976,167421,13179,52862,52862,5208,47653,28780,60,1703,20194,0,0,48106,0,48106,0
591,TELANGANA,Hyderabad,830,21782,1356,6414,6414,609,5804,5966,102,5962,862,71198,0,77003,0,77003,0
592,TELANGANA,Jagtial,1031,298479,19751,56992,56992,5687,51304,20637,40,1609,29450,0,0,54334,0,54334,0
593,TELANGANA,Jangaon,893,215370,14780,38258,38258,3699,34559,19973,57,1529,14625,0,0,34617,0,34617,0
594,TELANGANA,Jayashankar Bhupalapally,1074,236301,20589,44245,44245,4244,40000,17198,42,636,23497,0,0,40071,0,40071,0
595,TELANGANA,Jogulamba Gadwal,578,261041,11971,39695,39695,3934,35761,12390,34,745,23068,0,0,35762,0,35762,0
596,TELANGANA,Kamareddy,1003,366677,31987,68324,68324,6454,61869,32342,52,2000,28826,128966,0,197886,0,197886,0
597,TELANGANA,Karimnagar,907,210981,15961,98770,98770,9743,89026,24690,27,1199,64493,0,0,89373,0,89373,0
598,TELANGANA,Khammam,1042,436128,36392,103571,103571,9984,93586,42533,45,4418,51934,0,0,93586,0,93586,0
599,TELANGANA,Komarambheem Asifabad,1154,429544,33482,66118,66118,6363,59754,9510,15,860,49699,0,0,64155,0,64155,0
600,TELANGANA,Mahabubabad,1112,343571,29105,62398,62398,6240,56158,30433,54,1645,25830,0,0,56158,0,56158,0
601,TELANGANA,Mahabubnagar,657,265350,15247,34774,34774,3246,31527,22248,70,1747,9334,0,0,31527,0,31527,0
602,TELANGANA,Mancherial,1045,410526,34109,96026,96026,9157,86868,24489,28,668,58358,0,0,90662,0,90662,0
603,TELANGANA,Medak,868,275129,19124,48389,48389,4441,43947,27892,63,1376,17194,0,0,44388,0,44388,0
604,TELANGANA,Medchal Malkajgiri,767,108713,5442,10483,10483,1018,9464,6786,71,4474,3732,212978,0,222443,0,222443,0
605,TELANGANA,Mulug,1375,302641,33194,59466,59466,5549,53916,12617,23,824,38988,0,0,53917,0,53917,0
606,TELANGANA,Nagarkurnool,667,635840,31995,80897,80897,7992,72905,31822,43,1805,41623,232050,0,304974,0,304974,0
607,TELANGANA,Nalgonda,697,712103,41435,121181,121181,11841,109340,57243,52,5188,54607,349889,0,459317,0,459317,0
608,TELANGANA,Narayanpet,549,231810,11263,28814,28814,2825,25989,11277,43,1087,14311,0,0,27761,0,27761,0
609,TELANGANA,Nirmal,1056,362829,27423,70612,70612,6676,63935,23282,36,1420,40673,0,0,64990,0,64990,0
610,TELANGANA,Nizamabad,987,427709,36575,104014,104014,9587,94427,52714,55,4074,36110,346082,0,441710,0,441710,0
611,TELANGANA,Peddapalle,1013,216818,16581,49494,49494,4739,44754,20310,45,1813,24901,0,0,53797,0,53797,0
612,TELANGANA,Rajanna Siricilla,1144,190382,17792,50675,50675,4868,45807,28409,62,231,17284,0,0,45807,0,45807,0
613,TELANGANA,Rangareddy,715,504873,30365,57721,57721,5562,52159,34673,66,5334,18777,550861,0,603021,0,603021,0
614,TELANGANA,Sangareddy,861,448974,30331,41385,41385,3868,37516,19407,51,2808,18672,0,0,37516,0,37516,0
615,TELANGANA,Siddipet,784,365178,23728,66493,66493,5876,60617,40816,67,341,20197,97499,0,158116,0,158116,0
616,TELANGANA,Suryapet,780,361584,23069,62661,62661,5929,56731,20896,36,2029,35574,284377,0,345222,0,345222,0
617,TELANGANA,Vikarabad,809,367399,23187,52979,52979,5296,47682,19945,41,1699,27683,144846,0,192528,0,192528,0
618,TELANGANA,Wanaparthy,630,219022,4281,64211,64211,6399,57811,23445,40,2387,26978,102694,0,166520,0,166520,0
619,TELANGANA,Warangal,959,176610,13035,50748,50748,4838,45910,25234,54,1503,20980,0,0,46297,0,46297,0
620,TELANGANA,Yadadri Bhuvanagiri,742,345447,23506,81377,81377,7844,73533,47658,64,2816,30396,241908,0,318882,0,318882,0
621,TRIPURA,DHALAI,2433,231489,21205,22711,20277,2271,18006,1091,6,1012,16858,130216,0,148223,0,148223,0
622,TRIPURA,GOMATI,2187,161705,19946,23871,21990,2387,19603,1068,5,935,18503,142575,0,162179,0,162179,0
623,TRIPURA,KHOWAI,2223,101245,9851,12237,11946,1059,10887,1012,9,679,9856,64386,0,75273,0,75273,0
624,TRIPURA,NORTH TRIPURA,2537,135792,12433,13721,11296,1372,9924,1049,10,1049,8831,71806,0,81731,0,81731,0
625,TRIPURA,SEPAHIJALA,2051,104392,14748,18891,16975,1889,15086,1791,11,1056,13265,116082,0,131168,0,131168,0
626,TRIPURA,SOUTH TRIPURA,2450,151201,21448,25732,23074,2573,20501,1256,6,988,19211,126775,0,147277,0,147277,0
627,TRIPURA,UNAKOTI,2376,65703,8895,10448,9919,929,8989,691,7,699,8269,53564,0,62553,0,62553,0
628,TRIPURA,WEST TRIPURA,2022,97642,13982,17675,16681,1666,15014,3224,21,2315,11713,100289,0,115303,0,115303,0
629,UTTAR PRADESH,AGRA,614,394717,38315,89131,89131,8612,80518,94444,117,11660,4498,0,0,80518,0,80518,0
630,UTTAR PRADESH,ALIGARH,667,380843,48702,99228,99228,7941,91286,73007,79,12629,20664,0,0,91286,0,91286,0
631,UTTAR PRADESH,AMBEDKAR NAGAR,1013,245898,53130,80543,80543,8054,72488,45553,62,6670,26658,0,0,72488,0,72488,0
632,UTTAR PRADESH,AMETHI,853,232992,41774,89771,89771,8661,81110,53262,65,5243,27616,0,0,81110,0,81110,0
633,UTTAR PRADESH,AMROHA,902,214903,40464,55527,55527,5220,50307,48240,95,5188,4489,0,0,50307,0,50307,0
634,UTTAR PRADESH,AURAIYA,624,209427,27581,68126,68126,6812,61313,38181,62,3041,23037,0,0,61313,0,61313,0
635,UTTAR PRADESH,AYODHYA,952,252201,50656,95269,95269,9526,85742,53415,62,7822,31763,0,0,85742,0,85742,0
636,UTTAR PRADESH,AZAMGARH,913,417119,78955,140317,140317,13163,127154,75508,59,14836,50643,0,0,127154,0,127154,0
637,UTTAR PRADESH,BAGPAT,674,135138,17341,36373,36373,3637,32735,31407,95,2597,3679,0,0,32735,0,32735,0
638,UTTAR PRADESH,BAHRAICH,1158,438725,85877,148939,148939,9345,139593,82599,59,10470,56386,0,0,139593,0,139593,0
639,UTTAR PRADESH,BALLIA,922,292700,56638,95436,95436,9543,85893,53641,62,8772,31747,0,0,85893,0,85893,0
640,UTTAR PRADESH,BALRAMPUR,1065,334857,62232,98039,98039,6843,91195,52254,57,6750,38470,0,0,91195,0,91195,0
641,UTTAR PRADESH,BANDA,943,440460,50435,73301,73301,6850,66450,43989,66,4256,22233,0,0,66450,0,66450,0
642,UTTAR PRADESH,BARABANKI,978,389132,78573,210506,210506,19707,190799,118465,62,9670,71783,0,0,190799,0,190799,0
643,UTTAR PRADESH,BAREILLY,877,412000,73476,125028,125028,10788,114240,82765,72,14209,32942,0,0,114240,0,114240,0
644,UTTAR PRADESH,BASTI,1110,293807,67940,83453,83453,8056,75397,49332,65,6902,25737,0,0,75397,0,75397,0
645,UTTAR PRADESH,BIJNOR,1053,458903,97985,148761,148761,13642,135119,95093,70,8345,39686,0,0,135119,0,135119,0
646,UTTAR PRADESH,BUDAUN,784,423788,65662,82431,82431,6280,76150,63190,82,8346,14088,0,0,76150,0,76150,0
647,UTTAR PRADESH,BULANDSHAHAR,673,360947,44643,158045,158045,12652,145393,138101,94,6412,13923,0,0,145393,0,145393,0
648,UTTAR PRADESH,CHANDAULI,949,188369,31108,56804,56804,5382,51421,29578,57,4896,21643,0,0,51421,0,51421,0
649,UTTAR PRADESH,CHITRAKOOT,943,300665,32296,43872,43872,3825,40047,33169,82,2834,6675,0,0,40047,0,40047,0
650,UTTAR PRADESH,DEORIA,1019,253800,52459,147163,147163,12996,134166,83718,62,6846,50214,0,0,134166,0,134166,0
651,UTTAR PRADESH,ETAH,658,242757,31068,86569,86569,8130,78438,56961,72,4840,21303,0,0,78438,0,78438,0
652,UTTAR PRADESH,ETAWAH,587,240301,27439,71257,71257,6551,64705,33923,52,3431,30634,0,0,64705,0,64705,0
653,UTTAR PRADESH,FARRUKHABAD,753,220623,30877,47064,47064,3462,43601,32368,74,4244,11025,0,0,43601,0,43601,0
654,UTTAR PRADESH,FATEHPUR,746,425255,60709,116584,116584,9982,106602,80046,75,7940,28472,0,0,106602,0,106602,0
655,UTTAR PRADESH,FIROZABAD,656,241953,31311,80556,80556,8055,72500,76814,105,7151,8186,0,0,72500,0,72500,0
656,UTTAR PRADESH,G.B.NAGAR,537,144273,13950,49626,49626,4962,44663,47817,107,1602,1813,0,0,44663,0,44663,0
657,UTTAR PRADESH,GHAZIABAD,729,116914,16097,42822,42822,4282,38539,47805,124,7936,2062,0,0,38539,0,38539,0
658,UTTAR PRADESH,GHAZIPUR,853,330052,59027,105416,105416,9762,95654,56303,58,7362,39002,0,0,95654,0,95654,0
659,UTTAR PRADESH,GONDA,1047,399609,78660,122252,122252,9280,112972,69238,61,10644,43028,0,0,112972,0,112972,0
660,UTTAR PRADESH,GORAKHPUR,1338,321087,74592,173978,173978,14940,159038,101424,63,9998,57154,0,0,159038,0,159038,0
661,UTTAR PRADESH,HAMIRPUR,735,381540,32779,45654,45654,4308,41346,27837,67,2268,13454,0,0,41346,0,41346,0
662,UTTAR PRADESH,HAPUR,788,114481,18497,50281,50281,3645,46636,44644,95,3,1991,0,0,46636,0,46636,0
663,UTTAR PRADESH,HARDOI,816,594843,98087,177857,177857,16072,161785,98959,61,9183,62388,0,0,161785,0,161785,0
664,UTTAR PRADESH,HATHRAS,618,183799,22819,72701,72701,7270,65431,61473,93,4390,8677,0,0,65431,0,65431,0
665,UTTAR PRADESH,JALAUN,687,456583,65326,103736,103736,9969,93767,52259,55,4509,41365,0,0,93767,0,93767,0
666,UTTAR PRADESH,JAUNPUR,901,399094,69133,131093,131093,11918,119174,83626,70,14572,34772,0,0,119174,0,119174,0
667,UTTAR PRADESH,JHANSI,764,502400,32707,74157,74157,6798,67359,44072,65,3439,23090,0,0,67359,0,67359,0
668,UTTAR PRADESH,KANNAUJ,714,214346,24960,59543,59543,5292,54250,42762,78,4685,16936,0,0,54250,0,54250,0
669,UTTAR PRADESH,KANPUR DEHAT,670,323737,43417,81343,81343,7782,73560,52529,71,4202,20918,0,0,73560,0,73560,0
670,UTTAR PRADESH,KANPUR NAGAR,709,309483,43580,87856,87856,7830,80026,63283,79,8284,16603,0,0,80026,0,80026,0
671,UTTAR PRADESH,KASGANJ,724,199388,27416,73299,73299,6712,66587,46651,70,4325,19682,0,0,66587,0,66587,0
672,UTTAR PRADESH,KAUSHAMBI,846,178001,31767,51407,51407,5140,46266,37079,80,4995,10236,0,0,46266,0,46266,0
673,UTTAR PRADESH,KUSHI NAGAR,1112,287378,49299,173784,173784,16769,157015,81590,51,9454,74799,0,0,157015,0,157015,0
674,UTTAR PRADESH,LAKHIMPUR KHERI,1130,655505,139912,227979,227979,17663,210316,130415,62,13690,78628,0,0,210316,0,210316,0
675,UTTAR PRADESH,LALITPUR,909,503923,16130,39658,39658,3319,36339,30579,84,3775,5506,0,0,36339,0,36339,0
676,UTTAR PRADESH,LUCKNOW,879,245286,41891,83039,83039,6403,76635,50944,66,13872,25816,0,0,76635,0,76635,0
677,UTTAR PRADESH,MAHOBA,809,229341,9414,30635,30635,2792,27843,25578,91,1212,3218,0,0,27843,0,27843,0
678,UTTAR PRADESH,MAHRAJGANJ,1389,247760,69228,112828,112828,9237,103591,66356,64,7698,36767,0,0,103591,0,103591,0
679,UTTAR PRADESH,MAINPURI,659,276072,38118,95311,95311,9076,86235,63375,73,5240,24311,0,0,86235,0,86235,0
680,UTTAR PRADESH,MATHURA,556,336078,36380,138900,138900,10969,127931,92299,72,6972,36892,0,0,127931,0,127931,0
681,UTTAR PRADESH,MAUNATH BHANJAN,897,171624,31453,51145,51145,4494,46650,30258,64,7033,15868,0,0,46650,0,46650,0
682,UTTAR PRADESH,MEERUT,856,281049,45483,84453,84453,6762,77691,59761,76,9910,19784,0,0,77691,0,77691,0
683,UTTAR PRADESH,MIRZAPUR,1003,452085,26962,62568,62568,5508,57060,35265,61,7319,21396,0,0,57060,0,57060,0
684,UTTAR PRADESH,MORADABAD,902,224944,41850,70856,70856,6442,64413,54661,84,11109,12714,0,0,64413,0,64413,0
685,UTTAR PRADESH,MUZAFFARNAGAR,869,275666,47940,111445,111445,8633,102812,79593,77,7242,24128,0,0,102812,0,102812,0
686,UTTAR PRADESH,PILIBHIT,1244,336959,75538,119729,119729,11972,107756,67650,62,5768,39833,0,0,107756,0,107756,0
687,UTTAR PRADESH,PRATAPGARH,837,371743,64345,141696,141696,12168,129527,99523,76,8699,29635,0,0,129527,0,129527,0
688,UTTAR PRADESH,PRAYAGRAJ,843,547000,73683,143024,143024,14038,128986,93790,72,16988,36429,0,0,128986,0,128986,0
689,UTTAR PRADESH,RAIBARELI,748,392458,56874,124226,124226,9250,114976,65843,57,7673,48687,0,0,114976,0,114976,0
690,UTTAR PRADESH,RAMPUR,1051,229790,48735,81314,81314,7026,74288,53147,71,5579,20842,0,0,74288,0,74288,0
691,UTTAR PRADESH,SAHARANPUR,1102,368941,90875,150153,150153,12934,137219,132755,96,7702,21476,0,0,137219,0,137219,0
692,UTTAR PRADESH,SAMBHAL,784,241520,38992,47708,47708,4269,43439,38185,87,6263,4940,0,0,43439,0,43439,0
693,UTTAR PRADESH,SANT KABIR NAGAR,1253,164699,43464,53971,53971,5397,48574,29277,60,4631,19058,0,0,48574,0,48574,0
694,UTTAR PRADESH,SANT RAVIDAS NAGAR,949,101500,18566,87848,87848,8784,79063,62897,79,3648,16040,0,0,79063,0,79063,0
695,UTTAR PRADESH,SHAHJAHANPUR,898,458131,91439,134522,134522,10734,123787,79844,64,9152,43326,0,0,123787,0,123787,0
696,UTTAR PRADESH,SHAMLI,869,136126,23665,46970,46970,3262,43708,44275,101,3066,1741,0,0,43708,0,43708,0
697,UTTAR PRADESH,SHRAWASTI,1184,185782,44898,57550,57550,5071,52479,30016,57,3632,22140,0,0,52479,0,52479,0
698,UTTAR PRADESH,SIDDHARTH NAGAR,1158,289503,69788,96469,96469,8322,88147,56683,64,8079,30896,0,0,88147,0,88147,0
699,UTTAR PRADESH,SITAPUR,991,574695,98708,207187,207187,19153,188033,107842,57,12255,79405,0,0,188033,0,188033,0
700,UTTAR PRADESH,SONBHADRA,973,680957,15475,57363,57363,5595,51768,26334,50,4730,25103,0,0,51768,0,51768,0
701,UTTAR PRADESH,SULTANPUR,887,265381,49237,94429,94429,9442,84986,52412,61,6567,32276,0,0,84986,0,84986,0
702,UTTAR PRADESH,UNNAO,765,460234,66500,174631,174631,16464,158167,97211,61,9372,60364,0,0,158167,0,158167,0
703,UTTAR PRADESH,VARANASI,925,160532,28731,51219,51219,4588,46631,41171,88,10946,8726,0,0,46631,0,46631,0
704,UTTARAKHAND,DEHRADUN,2183,187492,53918,56714,56714,5671,51042,20402,39,8502,30115,0,0,51042,0,51042,0
705,UTTARAKHAND,HARIDWAR,1020,229309,31880,47490,47490,3933,43557,28488,65,6703,10902,0,0,43557,0,43557,0
706,UTTARAKHAND,NAINITAL,1711,236547,21746,30035,30035,3003,27032,14064,52,4081,12849,0,0,27032,0,27032,0
707,UTTARAKHAND,UDHAMSINGH NAGAR,1465,267065,59392,79611,79611,4836,74774,42192,56,7031,28764,0,0,74774,0,74774,0
708,WEST BENGAL,ALIPURDUAR,3468,237597,124234,129084,129084,12908,116176,12948,11,3688,102957,2817928,0,2934104,0,2934104,0
709,WEST BENGAL,BANKURA,1332,688001,114779,159264,159264,13072,146192,59335,40,8983,88231,793907,0,940099,0,940099,0
710,WEST BENGAL,BIRBHUM,1392,454809,88718,114059,114059,9112,104947,34355,32,8967,70160,433930,0,538878,0,538878,0
711,WEST BENGAL,DAKSHIN DINAJPUR,1584,224036,79079,114098,114098,11165,102933,62207,60,4075,40615,585457,0,688390,0,688390,0
712,WEST BENGAL,DARJILING,3118,223231,41439,43104,43104,4310,38794,6365,16,3731,32095,647124,0,685918,0,685918,0
713,WEST BENGAL,HAORA,1600,132355,20324,22626,22626,1703,20923,4270,20,3101,16228,177012,0,197935,0,197935,0
714,WEST BENGAL,HUGLI,1476,300371,97444,130600,130600,12226,118374,63518,53,11179,54901,886440,0,1004814,0,1004814,0
715,WEST BENGAL,JALPAIGURI,3468,340219,181004,188358,188358,18835,169522,20590,12,8767,146556,4979336,0,5148859,0,5148859,0
716,WEST BENGAL,JHARGRAM,1535,302060,87674,101570,101570,8001,93568,23313,24,2909,70166,434745,0,528313,0,528313,0
717,WEST BENGAL,KALIMPONG,3118,105360,3714,4002,4002,400,3602,64,1,62,3536,114209,0,117811,0,117811,0
718,WEST BENGAL,KOCH BIHAR,3286,339637,166743,207326,207326,20732,186593,86083,46,7285,100188,5223045,0,5409639,0,5409639,0
719,WEST BENGAL,KOLKATTA,1623,18700,0,0,0,0,0,0,0,0,0,0,0,0,0,0,0
720,WEST BENGAL,MALDA,1447,323886,94424,117832,117832,10679,107153,38415,35,11251,67789,1887875,0,1995028,0,1995028,0
721,WEST BENGAL,MURSHIDABAD,1433,513338,142348,196754,196754,15844,180910,109525,60,25470,69208,1295331,0,1476241,0,1476241,0
722,WEST BENGAL,NADIA,1443,379789,120704,189998,189998,17219,172778,147179,85,12202,24862,2486952,0,2659730,0,2659730,0
723,WEST BENGAL,NORTH 24 PARGANAS,1623,387233,96390,153179,153179,10876,142302,99208,69,14196,41892,1356354,0,1498657,0,1498657,0
724,WEST BENGAL,PASCHIM BARDDHAMAN,1348,159165,19648,24882,24882,2274,22608,11231,49,5287,11184,285693,0,308301,0,308301,0
725,WEST BENGAL,PASCHIM MEDINIPUR,1535,631677,188109,241323,241323,22478,218845,116287,53,12307,102252,1231134,0,1449980,0,1449980,0
726,WEST BENGAL,PURBA BARDDHAMAN,1348,543269,148366,204733,204733,18219,186513,96391,51,11788,91176,1166596,0,1353110,0,1353110,0
727,WEST BENGAL,PURBA MEDINIPUR,1669,380995,56117,67116,67116,6711,60404,21969,36,5247,38035,369864,0,430269,0,430269,0
728,WEST BENGAL,PURULIYA,1363,619313,39274,58576,58576,5718,52857,9367,17,7635,43083,131930,0,184788,0,184788,0
729,WEST BENGAL,SOUTH 24 PARGANAS,1623,551301,0,0,0,0,0,0,0,0,0,0,0,0,0,0,0
730,WEST BENGAL,UTTAR DINAJPUR,1912,319283,94334,120484,120484,10286,110198,52401,47,8742,57188,2396872,0,2507071,0,2507071,0
